x,y,v
10.9201318,-65.8932963,10.6239911
10.9943688,-65.7075863,10.6560058
11.0687126,-65.5219381,10.6877859
11.1431776,-65.3363137,10.7135624
11.2177280,-65.1507447,10.6129738
11.2923263,-64.9651911,10.5073357
11.3669036,-64.7796066,10.3980871
11.4413342,-64.5939946,10.2917742
11.5154866,-64.4082662,10.1889536
11.5892053,-64.2223328,10.0893216
11.6622926,-64.0361906,9.9961410
11.7345981,-63.8497425,9.9075844
11.8059925,-63.6628972,9.8225361
11.8763220,-63.4756965,9.7424455
11.9455032,-63.2880742,9.6652286
12.0134792,-63.0999508,9.5899773
12.0801496,-62.9114149,9.5172120
12.1454756,-62.7224229,9.4468832
12.2094415,-62.5328907,9.3781930
12.2719688,-62.3429389,9.3117337
12.3330365,-62.1525359,9.2467416
12.3926710,-61.9615938,9.1827148
12.4508251,-61.7702649,9.1200286
12.5074805,-61.5784834,9.0582761
12.5626125,-61.3861701,8.9971523
12.6161335,-61.1934799,8.9369742
12.6680427,-61.0003196,8.8775032
12.7183039,-60.8067233,8.8185499
12.7668856,-60.6127055,8.7605045
12.8137649,-60.4182430,8.7031989
12.8588922,-60.2234394,8.6464734
12.9022705,-60.0281590,8.5908591
12.9438394,-59.8324849,8.5489098
12.9835338,-59.6365507,8.5153630
13.0213766,-59.4400939,8.4819228
13.0573163,-59.2433067,8.4486565
13.0913173,-59.0463350,8.4155492
13.1234229,-58.8488565,8.3827987
13.1535831,-58.6511054,8.3503808
13.1817701,-58.4532181,8.3182509
13.2080156,-58.2549095,8.2866412
13.2322832,-58.0563606,8.2555263
13.2545195,-57.8577083,8.2248149
13.2746994,-57.6587481,8.1947247
13.2927827,-57.4596097,8.1653316
13.3087907,-57.2602692,8.1364507
13.3227366,-57.0607543,8.1082414
13.3345933,-56.8611352,8.0809125
13.3443441,-56.6613803,8.0541709
13.3519718,-56.4615069,8.0281038
13.3574564,-56.2616236,8.0031447
13.3607863,-56.0616566,7.9788665
13.3619475,-55.8616242,7.9552732
13.3609288,-55.6616750,7.9330498
13.3577211,-55.4617084,7.9115981
13.3523159,-55.2617517,7.8909174
13.3447109,-55.0619302,7.8716356
13.3349000,-54.8621813,7.8532481
13.3228805,-54.6625210,7.8356513
13.3086575,-54.4630487,7.8193476
13.2922309,-54.2637377,7.8039045
13.2736013,-54.0645924,7.7891210
13.2527791,-53.8656911,7.7752530
13.2297712,-53.6670359,7.7619896
13.2045521,-53.4686396,7.7491624
13.1771005,-53.2705523,7.7369498
13.1474402,-53.0728323,7.7253170
13.1155741,-52.8753530,7.7141360
13.0815404,-52.6782734,7.7036769
13.0453427,-52.4816345,7.6943381
13.0069532,-52.2853093,7.6858640
12.9664013,-52.0894595,7.6787792
12.9236958,-51.8941138,7.6735066
12.8788201,-51.6991731,7.6695313
12.8318147,-51.5047734,7.6675908
12.7826959,-51.3109140,7.6681556
12.7314764,-51.1175589,7.6704253
12.6782047,-50.9247864,7.6753500
12.6229091,-50.7325704,7.6832602
12.5656415,-50.5409430,7.6931792
12.5064522,-50.3499052,7.7062386
12.4453878,-50.1594225,7.7226445
12.3825420,-49.9695768,7.7413327
12.3179643,-49.7802906,7.7635917
12.2517278,-49.5915294,7.7894841
12.1839955,-49.4034096,7.8178288
12.1148399,-49.2157588,7.8498407
12.0443832,-49.0285874,7.8852750
11.9727144,-48.8419013,7.9228651
11.8998979,-48.6556352,7.9633666
11.8260476,-48.4697656,8.0062916
11.7512794,-48.2842869,8.0506053
11.6756792,-48.0991345,8.0966219
11.5993414,-47.9142770,8.1440814
11.5223616,-47.7296980,8.1923434
11.4448189,-47.5453504,8.2415748
11.3667950,-47.3612006,8.2916676
11.2883731,-47.1772261,8.3421858
11.2096262,-46.9933887,8.3931769
11.1306263,-46.8096573,8.4444686
11.0514413,-46.6260081,8.4958139
10.9721287,-46.4424129,8.5471578
10.8927381,-46.2588516,8.5982135
10.8133052,-46.0753088,8.6489922
10.7338520,-45.8917730,8.6993990
10.6543912,-45.7082439,8.7491387
10.5749252,-45.5247150,8.7985060
10.4954554,-45.3411845,8.8474509
10.4159870,-45.1576609,8.8957424
10.3365163,-44.9741339,8.9436802
10.2570429,-44.7906026,8.9912343
10.1775735,-44.6070817,9.0381485
10.0981014,-44.4235555,9.0847257
10.0186263,-44.2400222,9.1309534
9.9391586,-44.0565031,9.1765314
9.8596914,-43.8729750,9.2217611
9.7802279,-43.6894337,9.2666422
9.7007863,-43.5059058,9.3108292
9.6213615,-43.3223599,9.3546532
9.5419604,-43.1387899,9.3981163
9.4626065,-42.9552251,9.4408826
9.3832959,-42.7716305,9.4832652
9.3040371,-42.5879976,9.5252816
9.2248564,-42.4043588,9.5666069
9.1457504,-42.2206766,9.6075315
9.0667276,-42.0369406,9.6480870
8.9878165,-41.8531873,9.6879555
8.9090111,-41.6693745,9.7274048
8.8303155,-41.4854959,9.7664795
8.7517505,-41.3015845,9.8048643
8.6733220,-41.1176051,9.8428152
8.5950509,-40.9335598,9.8803863
8.5169519,-40.7494452,9.9172610
8.4390353,-40.5652501,9.9536789
8.3613160,-40.3809747,9.9897039
8.2838052,-40.1966082,10.0250133
8.2065172,-40.0121475,10.0598346
8.1294694,-39.8275945,10.0942422
8.0526695,-39.6429278,10.1279004
7.9761368,-39.4581512,10.1610252
7.8998909,-39.2732693,10.1937043
7.8239373,-39.0882507,10.2255826
7.7482991,-38.9031045,10.2568641
7.6729991,-38.7178389,10.2876551
7.5980413,-38.5324132,10.3175784
7.5234518,-38.3468403,10.3468255
7.4492566,-38.1611322,10.3755294
7.3754588,-37.9752416,10.4033014
7.3020859,-37.7891823,10.4303229
7.2291665,-37.6029715,10.4567631
7.1567023,-37.4165581,10.4822587
7.0847194,-37.2299542,10.5069867
7.0132469,-37.0431841,10.5311541
6.9422841,-36.8561968,10.5544833
6.8718508,-36.6689998,10.5771442
6.8019742,-36.4816266,10.5993576
6.7326491,-36.2940303,10.6209693
6.6638857,-36.1062106,10.6421071
6.5957075,-35.9182115,10.6629495
6.5281057,-35.7299931,10.6834198
6.4610804,-35.5415434,10.7035543
6.3946534,-35.3529161,10.7234815
6.3288155,-35.1640802,10.7431490
6.2635590,-34.9750087,10.7625077
6.1989062,-34.7857627,10.7816637
6.1348513,-34.5963213,10.8005693
6.0713817,-34.4066416,10.8190737
6.0085225,-34.2167890,10.8373021
5.9462729,-34.0267515,10.8552161
5.8846208,-33.8364736,10.8724976
5.8236026,-33.6460257,10.8893462
5.7632263,-33.4553786,10.9057501
5.7035011,-33.2645113,10.9211247
5.6444373,-33.0734433,10.9357971
5.5860413,-32.8821590,10.9497611
5.5283397,-32.6906761,10.9622708
5.4713518,-32.4989786,10.9736429
5.4150992,-32.3070494,10.9839812
5.3596176,-32.1149116,10.9924638
5.3049325,-31.9225466,10.9993589
5.2510691,-31.7299317,11.0049779
5.1980661,-31.5370920,11.0086195
5.1459516,-31.3440179,11.0105228
5.0947468,-31.1506795,11.0112422
5.0444846,-30.9571021,11.0104084
4.9951892,-30.7632926,11.0083654
4.9468695,-30.5692143,11.0057531
4.8995445,-30.3748922,11.0026169
4.8532265,-30.1803534,10.9996971
4.8079085,-29.9855542,10.9973471
4.7635831,-29.7905199,10.9959458
4.7202266,-29.5953041,10.9291755
4.6777974,-29.3998569,10.8483471
4.6362861,-29.2041980,10.7599080
4.5957090,-29.0083889,10.6703949
4.5560499,-28.8123628,10.5800445
4.5173013,-28.6161325,10.4887411
4.4794591,-28.4197801,10.3951766
4.4424756,-28.2232337,10.3001357
4.4063065,-28.0265061,10.2035556
4.3709098,-27.8297018,10.1038845
4.3361961,-27.6327437,10.0026992
4.3020829,-27.4356456,9.9000119
4.2684978,-27.2385261,9.7949366
4.2353322,-27.0413030,9.6889661
4.2024967,-26.8439868,9.5821353
4.1699266,-26.6466968,9.4742310
4.1375342,-26.4493463,9.3659854
4.1052589,-26.2519362,9.2574276
4.0730722,-26.0545834,9.1485412
4.0409252,-25.8571929,9.0395690
4.0087960,-25.6597578,8.9305210
3.9766928,-25.4623915,8.8214121
3.9445949,-25.2649926,8.7122467
3.9124989,-25.0675514,8.6030278
3.8804222,-24.8701813,8.4936676
3.8483477,-24.6727776,8.3842050
3.8162745,-24.4753322,8.2746462
3.7842214,-24.2779594,8.1648520
3.7521711,-24.0805502,8.0549057
3.7201232,-23.8831004,7.9448149
3.6880965,-23.6857249,7.8343752
3.6560727,-23.4883095,7.7237313
3.6240526,-23.2908590,7.6128789
3.5920530,-23.0934769,7.5015562
3.5600563,-22.8960548,7.3899674
3.5280645,-22.6986061,7.2780838
3.4960912,-22.5012153,7.1656017
3.4641206,-22.3037866,7.0527787
3.4321556,-22.1063403,6.9395471
3.4002064,-21.9089409,6.8255762
3.3682591,-21.7115061,6.7111758
3.3363177,-21.5140629,6.5962148
3.3043887,-21.3166555,6.4803592
3.2724605,-21.1192153,6.3639679
3.2405376,-20.9217757,6.2468110
3.2086228,-20.7243616,6.1285980
3.1767032,-20.5269179,6.0097350
3.1447789,-20.3294848,5.8898593
3.1128408,-20.1320705,5.7687817
3.0808688,-19.9346331,5.6469169
3.0488544,-19.7372207,5.5236927
3.0167778,-19.5398253,5.3990655
2.9846138,-19.3424164,5.2734523
2.9523511,-19.1450505,5.1459370
2.9199658,-18.9477020,5.0167337
2.8874383,-18.7503498,4.8862471
2.8547682,-18.5530568,4.7529659
2.8219461,-18.3557765,4.6175785
2.7889895,-18.1584930,4.4804454
2.7559495,-17.9612661,4.3389743
2.7228734,-17.7640243,4.1952771
2.6899386,-17.5667421,4.0493032
2.6575178,-17.3693997,3.9005026
2.6263089,-17.1718684,3.7515465
2.5972706,-16.9739854,3.6025535
2.5716067,-16.7756462,3.4570015
2.5507231,-16.5769117,3.3146923
2.5359695,-16.3774887,3.1778189
2.5286290,-16.1781738,3.0523640
2.5306822,-15.9777353,2.9374011
2.5444088,-15.7782490,2.8483345
2.5721307,-15.5796366,2.7821810
2.6153541,-15.3846543,2.7295449
2.6759700,-15.1926880,2.6801923
2.7542893,-15.0072511,2.6247337
2.8482003,-14.8336800,2.5624657
2.9617024,-14.6652624,2.4916552
3.0881450,-14.5095985,2.4164959
3.2220249,-14.3654552,2.3231977
3.3624504,-14.2270116,2.2079798
3.5126235,-14.0970774,2.0726634
3.6760664,-13.9836125,2.0927209
3.8539631,-13.8908937,2.1863875
4.0443055,-13.8200396,2.2726620
4.2352492,-13.7715622,2.3745858
4.4337679,-13.7379134,2.5082964
4.6327911,-13.7142533,2.6895163
4.8316651,-13.6932375,2.8598046
5.0316135,-13.6713545,3.0254879
5.2302370,-13.6473498,2.9578855
5.4285438,-13.6185888,2.8659166
5.6261465,-13.5822227,2.7231785
5.8212032,-13.5356821,2.5874097
6.0122191,-13.4761644,2.4640562
6.1993408,-13.3994536,2.3595189
6.3731698,-13.3060396,2.2678749
6.5379106,-13.1902891,2.2018987
6.6877278,-13.0542858,2.1434348
6.8177931,-12.9054407,2.0926506
6.9360957,-12.7500981,2.1059314
7.0487095,-12.5885142,2.1219000
7.1477896,-12.4124136,2.1342496
7.2222597,-12.2281428,2.1482019
7.2696436,-12.0342366,2.1664348
7.2903489,-11.8324650,2.1920889
7.2858456,-11.6325399,2.2391865
7.2599371,-11.4330866,2.3084479
7.2168014,-11.2386814,2.3926824
7.1593279,-11.0462266,2.5033418
7.0906279,-10.8591405,2.6223684
7.0118896,-10.6755430,2.7525355
6.9246456,-10.4955796,2.8880975
6.8306676,-10.3190916,3.0267750
6.7314812,-10.1454667,3.1700242
6.6283926,-9.9740791,3.3167084
6.5225498,-9.8043926,3.4643297
6.4148781,-9.6358588,3.6122400
6.3060981,-9.4679957,3.7577216
6.1968279,-9.3005268,3.9010941
6.0874004,-9.1331147,4.0399759
5.9780074,-8.9656661,4.1734531
5.8687536,-8.7981963,4.3033819
5.7595996,-8.6305983,4.4276885
5.6506069,-8.4628989,4.5480900
5.5418148,-8.2951236,4.6657571
5.4331740,-8.1271901,4.7790815
5.3247152,-7.9591507,4.8895473
5.2164450,-7.7910316,4.9978758
5.1083102,-7.6227722,5.1026837
5.0003300,-7.4544278,5.2052596
4.8925006,-7.2860198,5.3060828
4.7847738,-7.1175003,5.4039368
4.6771650,-6.9489197,5.4999652
4.5696685,-6.7802948,5.5945071
4.4622427,-6.6115845,5.6864815
4.3549019,-6.4428338,5.7769149
4.2476411,-6.2740558,5.8660596
4.1404246,-6.1052136,5.9529501
4.0332664,-5.9363472,6.0385094
3.9261627,-5.7674674,6.1229345
3.8190822,-5.5985398,6.2053597
3.7120389,-5.4296006,6.2866136
3.6050306,-5.2606592,6.3668573
3.4980287,-5.0916823,6.4453120
3.3910480,-4.9227036,6.5227181
3.2840875,-4.7537309,6.5992143
3.1771217,-4.5847320,6.6740957
3.0701659,-4.4157376,6.7480212
2.9632210,-4.2467539,6.8211168
2.8562654,-4.0777491,6.8927416
2.7493205,-3.9087529,6.9634862
2.6423881,-3.7397587,7.0334707
2.5354603,-3.5707482,7.1021164
2.4285377,-3.4017370,7.1699442
2.3216143,-3.2327238,7.2370742
2.2146911,-3.0637110,7.3029894
2.1077682,-2.8946987,7.3681474
2.0008446,-2.7256858,7.4326669
1.8939213,-2.5566736,7.4960772
1.7869979,-2.3876616,7.5587812
1.6800737,-2.2186486,7.6208965
1.5731500,-2.0496370,7.6819941
1.4662261,-1.8806253,7.7424300
1.3593012,-1.7116123,7.8023206
1.2523772,-1.5426013,7.8612735
1.1454529,-1.3735899,7.9196043
1.0385272,-1.2045770,7.9774280
0.9316029,-1.0355664,8.0343840
0.8246782,-0.8665554,8.0907535
0.7177520,-0.6975424,8.1466498
0.6108274,-0.5285322,8.2017401
0.5039023,-0.3595216,8.2562760
0.3969757,-0.1905086,8.3103688
0.2900508,-0.0214986,8.3637104
0.1831256,0.1475118,8.4165267
0.0761986,0.3165248,8.4689271
-0.0307265,0.4855345,8.5206247
-0.1376518,0.6545447,8.5718240
-0.2445791,0.8235578,8.6226316
-0.3515042,0.9925675,8.6727799
-0.4584296,1.1615776,8.7224545
-0.5653569,1.3305908,8.7717595
-0.6722820,1.4996004,8.8204439
-0.7792072,1.6686104,8.8686777
-0.8861346,1.8376238,8.9165619
-0.9930595,2.0066335,8.9638602
-1.0999846,2.1756436,9.0107293
-1.2069118,2.3446572,9.0572671
-1.3138365,2.5136669,9.1032503
-1.4207613,2.6826771,9.1488244
-1.5276883,2.8516910,9.1940838
-1.6346127,3.0207009,9.2388169
-1.7415372,3.1897113,9.2831598
-1.8484639,3.3587254,9.3272034
-1.9553878,3.5277355,9.3707460
-2.0623119,3.6967461,9.4139163
-2.1692383,3.8657606,9.4568015
-2.2761618,4.0347709,9.4992087
-2.3830854,4.2037817,9.5412606
-2.4900114,4.3727966,9.5830403
-2.5969345,4.5418072,9.6243629
-2.7038576,4.7108182,9.6653464
-2.8107832,4.8798335,9.7060698
-2.9177058,5.0488443,9.7463550
-3.0246285,5.2178556,9.7863164
-3.1315537,5.3868712,9.8260290
-3.2384758,5.5558821,9.8653204
-3.3453980,5.7248937,9.9043029
-3.4523230,5.8939097,9.9430469
-3.5592446,6.0629208,9.9813854
-3.6661665,6.2319325,10.0194290
-3.7730912,6.4009489,10.0572440
-3.8800125,6.5699599,10.0946675
-3.9869342,6.7389719,10.1318098
-4.0938588,6.9079885,10.1687325
-4.2007798,7.0769995,10.2052765
-4.3077014,7.2460115,10.2415526
-4.4146260,7.4150283,10.2776175
-4.5215469,7.5840391,10.3133153
-4.6284686,7.7530511,10.3487579
-4.7353935,7.9220679,10.3839973
-4.8423145,8.0910784,10.4188802
-4.9492366,8.2600902,10.4535201
-5.0561620,8.4291070,10.4879643
-5.1630833,8.5981169,10.5220616
-5.2700059,8.7671283,10.5559278
-5.3769322,8.9361450,10.5896054
-5.4838541,9.1051540,10.6229446
-5.5907777,9.2741650,10.6560644
-5.6977052,9.4431813,10.6890022
-5.8046280,9.6121892,10.7216094
-5.9115529,9.7811994,10.7540084
-6.0184820,9.9502152,10.7862315
-6.1254061,10.1192217,10.8181307
-6.2323326,10.2882307,10.8498277
-6.3392650,10.4572452,10.8813455
-6.4461967,10.6262465,10.9124676
-6.5531473,10.7952447,10.9433058
-6.6601240,10.9642284,10.9738879
-6.7671341,11.1331862,11.0038894
-6.8741945,11.3021141,11.0334994
-6.9813198,11.4709973,11.0627507
-7.0885340,11.6398294,11.0912137
-7.1958551,11.8085921,11.1192174
-7.3033006,11.9772673,11.1467929
-7.4109005,12.1458582,11.1735387
-7.5186646,12.3143382,11.1935023
-7.6266025,12.4826942,11.2060583
-7.7347392,12.6509458,11.0999108
-7.8430713,12.8190609,10.9940511
-7.9516120,12.9870247,10.8884763
-8.0604009,13.1548595,10.7832906
-8.1694287,13.3225236,10.6781880
-8.2787018,13.4900089,10.5731698
-8.3882505,13.6573518,10.4681159
-8.4980489,13.8245118,10.3629670
-8.6080929,13.9914890,10.2577179
-8.7184062,14.1583317,10.1521708
-8.8289500,14.3249993,10.0464429
-8.9397138,14.4914974,9.9405255
-9.0507194,14.6578829,9.8342246
-9.1619206,14.8241124,9.7277269
-9.2733050,14.9901932,9.6210249
-9.3848976,15.1561883,9.5139461
-9.4966493,15.3220482,9.4066806
-9.6085491,15.4877791,9.2992236
-9.7206290,15.6534481,9.1914086
-9.8328391,15.8189984,9.0834115
-9.9451716,15.9844331,8.9752311
-10.0576666,16.1498229,8.8666831
-10.1702743,16.3151035,8.7579397
-10.2829908,16.4802759,8.6490001
-10.3958605,16.6454096,8.5396544
-10.5088374,16.8104390,8.4300754
-10.6219195,16.9753620,8.3202670
-10.7351527,17.1402440,8.2099865
-10.8484962,17.3050230,8.0994123
-10.9619489,17.4696932,7.9885586
-11.0755546,17.6343150,7.8771458
-11.1892741,17.7988351,7.7653542
-11.3030851,17.9632586,7.6532179
-11.4170043,18.1276466,7.5404374
-11.5310238,18.2919412,7.4272257
-11.6451728,18.4561550,7.3136465
-11.7594462,18.6202786,7.1994465
-11.8738384,18.7843088,7.0847906
-11.9883677,18.9482767,6.9697669
-12.1030022,19.1121393,6.8541396
-12.2177493,19.2759071,6.7380217
-12.3326488,19.4396328,6.6215267
-12.4476485,19.6032344,6.5044238
-12.5627638,19.7667210,6.3867840
-12.6780698,19.9301805,6.2687468
-12.7934901,20.0934801,6.1500692
-12.9090486,20.2566229,6.0307948
-13.0248718,20.4197484,5.9110889
-13.1408398,20.5826424,5.7906638
-13.2570000,20.7453207,5.6695614
-13.3735486,20.9079921,5.5479702
-13.4902745,21.0702944,5.4254909
-13.6072940,21.2323193,5.3021645
-13.7249586,21.3942858,5.1782127
-13.8429347,21.5554686,5.0529189
-13.9615846,21.7164529,4.9265095
-14.0808800,21.8774126,4.7992050
-14.2001552,22.0376963,4.6688543
-14.3198674,22.1980786,4.5366889
-14.4396773,22.3582709,4.4018760
-14.5595361,22.5184402,4.2622646
-14.6792228,22.6786989,4.1206322
-14.7984262,22.8393305,3.9757988
-14.9165837,23.0007894,3.8305019
-15.0326412,23.1634905,3.6853503
-15.1456843,23.3286860,3.5487990
-15.2538003,23.4969471,3.4277318
-15.3551887,23.6691298,3.3240265
-15.4482945,23.8463259,3.2618300
-15.5315012,24.0280605,3.2066110
-15.6040100,24.2143463,3.1563423
-15.6652416,24.4047806,3.0919956
-15.7147007,24.5984033,3.0168204
-15.7520797,24.7948202,2.9215313
-15.7767876,24.9930729,2.8104799
-15.7881276,25.1928012,2.6890728
-15.7852890,25.3927771,2.5492214
-15.7673523,25.5923625,2.3884652
-15.7336556,25.7893610,2.2113644
-15.6823557,25.9831838,1.9964286
-15.6097268,26.1699196,1.7421047
-15.5166268,26.3462252,1.4461185
-15.3939561,26.5027324,1.0697042
-15.2207739,26.6024977,1.2672324
-15.0190786,26.6471705,1.6139775
-14.8241115,26.6634207,1.9647126
-14.6359790,26.6948196,2.2363974
-14.4410198,26.7316224,2.4298885
-14.2420342,26.7599471,2.5824541
-14.0392686,26.7753907,2.7158030
-13.8394735,26.7778855,2.8349130
-13.6394740,26.7691034,2.9475097
-13.4385479,26.7502380,3.0568623
-13.2407204,26.7230168,3.1587880
-13.0429402,26.6884404,3.2603855
-12.8470254,26.6480289,3.3614326
-12.6517640,26.6027066,3.4641536
-12.4588340,26.5533208,3.5677400
-12.2656614,26.4993184,3.6738469
-12.0743247,26.4416256,3.7808773
-11.8842160,26.3804845,3.8891359
-11.6945673,26.3159983,3.9985116
-11.5064481,26.2488766,4.1082313
-11.3190242,26.1791593,4.2182994
-11.1322954,26.1071377,4.3281573
-10.9467026,26.0332587,4.4377376
-10.7615643,25.9575030,4.5465673
-10.5770541,25.8801576,4.6543141
-10.3933665,25.8014989,4.7611742
-10.2100448,25.7214961,4.8663816
-10.0272184,25.6403372,4.9698060
-9.8449936,25.5581810,5.0718897
-9.6631237,25.4750092,5.1719400
-9.4816629,25.3909235,5.2698584
-9.3006491,25.3060085,5.3662935
-9.1199725,25.2202721,5.4607601
-8.9396979,25.1337978,5.5528890
-8.7597290,25.0465915,5.6435350
-8.5800447,24.9586859,5.7324081
-8.4007679,24.8701718,5.8189162
-8.2217367,24.7809970,5.9040957
-8.0429768,24.6911998,5.9878153
-7.8646101,24.6008658,6.0693254
-7.6864728,24.5099337,6.1496733
-7.5085770,24.4184286,6.2288098
-7.3310570,24.3264373,6.3059006
-7.1537556,24.2338943,6.3819652
-6.9766790,24.1408166,6.4570001
-6.7999597,24.0472870,6.5301517
-6.6234534,23.9532410,6.6023884
-6.4471656,23.8586915,6.6737154
-6.2712130,23.7637110,6.7433393
-6.0954731,23.6682422,6.8121278
-5.9199507,23.5722948,6.8800966
-5.7447438,23.4759297,6.9465207
-5.5697514,23.3790976,7.0121796
-5.3949781,23.2818064,7.0770942
-5.2205048,23.1841061,7.1405892
-5.0462485,23.0859547,7.2033882
-4.8722152,22.9873591,7.2655060
-4.6984693,22.8883594,7.3263046
-4.5249441,22.7889203,7.3864732
-4.3516484,22.6890491,7.4460007
-4.1786273,22.5887739,7.5043174
-4.0058333,22.4880689,7.5620522
-3.8332764,22.3869408,7.6191744
-3.6609833,22.2854065,7.6751871
-3.4889252,22.1834494,7.7306574
-3.3171117,22.0810755,7.7855367
-3.1455540,21.9782914,7.8393971
-2.9742401,21.8750897,7.8927487
-2.8031782,21.7714747,7.9455266
-2.6323667,21.6674446,7.9973657
-2.4618087,21.5630003,8.0487248
-2.2915096,21.4581438,8.0995246
-2.1214582,21.3528667,8.1494555
-1.9516705,21.2471772,8.1989312
-1.7821485,21.1410747,8.2478602
-1.6128737,21.0345456,8.2959806
-1.4438735,20.9276049,8.3436671
-1.2751452,20.8202487,8.3908184
-1.1066677,20.7124610,8.4372108
-0.9384746,20.6042607,8.4831850
-0.7705573,20.4956396,8.5286328
-0.6028988,20.3865837,8.5733586
-0.4355315,20.2771111,8.6176788
-0.2684464,20.1672128,8.6614801
-0.1016290,20.0568760,8.7045894
0.0648898,19.9461174,8.7473035
0.2311190,19.8349274,8.7895064
0.3970704,19.7232943,8.8310411
0.5627155,19.6112333,8.8721892
0.7280626,19.4987344,8.9128336
0.8931209,19.3857870,8.9528279
1.0578643,19.2724044,8.9924424
1.2223005,19.1585768,9.0315605
1.3864357,19.0442948,9.0700416
1.5502472,18.9295691,9.1081482
1.7137409,18.8143906,9.1457652
1.8769205,18.6987511,9.1827540
2.0397668,18.5826586,9.2193721
2.2022840,18.4661046,9.2555067
2.3644724,18.3490826,9.2910179
2.5263176,18.2315972,9.3261611
2.6878212,18.1136408,9.3608260
2.8489801,17.9952091,9.3948693
3.0097851,17.8763025,9.4285460
3.1702352,17.7569148,9.4617484
3.3303233,17.6370442,9.4943281
3.4900460,17.5166861,9.5265413
3.6493997,17.3958359,9.5582825
3.8083722,17.2744952,9.5893967
3.9669672,17.1526532,9.6201427
4.1251779,17.0303073,9.6504153
4.2829867,16.9074628,9.6800526
4.4404050,16.7841024,9.7093168
4.5974225,16.6602251,9.7381014
4.7540154,16.5358408,9.7662380
4.9102035,16.4109245,9.7939952
5.0659726,16.2854775,9.8212629
5.2212934,16.1595138,9.8478765
5.3761929,16.0330017,9.8741135
5.5306520,15.9059425,9.8998631
5.6846236,15.7783554,9.9249952
5.8381609,15.6501888,9.9497867
5.9912403,15.5214607,9.9741387
6.1438176,15.3922091,9.9980076
6.2959590,15.2623748,10.0216366
6.4476248,15.1319890,10.0449668
6.5987840,15.0010789,10.0680606
6.7495017,14.8695910,10.0910587
6.8997369,14.7375661,10.1139587
7.0494735,14.6050260,10.1368315
7.1987727,14.4719259,10.1597062
7.3475913,14.3383147,10.1826050
7.4959293,14.2042046,10.2055558
7.6438401,14.0695597,10.2285425
7.7912775,13.9344353,10.2515914
7.9382573,13.7988305,10.2746976
8.0848224,13.6627191,10.2978407
8.2309237,13.5261603,10.3210427
8.3765917,13.3891394,10.3442867
8.5218575,13.2516404,10.3675592
8.6666708,13.1137244,10.3908782
8.8110744,12.9753642,10.4142252
8.9550881,12.8365540,10.4375933
9.0986624,12.6973544,10.4609981
9.2418491,12.5577288,10.4844221
9.3846577,12.4176808,10.5078625
9.5270429,12.2772678,10.5313338
9.6690603,12.1364483,10.5548190
9.8107073,11.9952374,10.5783192
9.9519579,11.8536744,10.6018446
10.0928540,11.7117300,10.6253817
10.2333890,11.5694239,10.6489335
10.3735550,11.4267770,10.6725061
10.5133785,11.2837751,10.6960893
10.6528534,11.1404374,10.7196876
10.7919837,10.9967725,10.7433037
10.9307836,10.8527785,10.7669298
11.0692509,10.7084705,10.7905721
11.2073948,10.5638518,10.8142302
11.3452207,10.4189291,10.8378984
11.4827334,10.2737103,10.8615847
11.6199406,10.1282001,10.8852858
11.7568426,9.9824103,10.9089976
11.8934545,9.8363388,10.9327303
12.0297808,9.6900001,10.9564772
12.1658178,9.5434130,10.9802358
12.3015945,9.3965558,11.0040194
12.4370903,9.2494559,11.0278161
12.5723106,9.1021158,11.0516256
12.7072812,8.9545190,11.0754601
12.8419851,8.8066954,11.0993069
12.9764334,8.6586445,11.1231688
13.1106428,8.5103596,11.1470557
13.2446036,8.3618633,11.1709563
13.3783283,8.2131542,11.1948760
13.5118271,8.0642328,11.2188226
13.6450965,7.9151161,11.2427854
13.7781493,7.7658025,11.2667735
13.9109918,7.6162980,11.2907924
14.0436251,7.4666149,11.3148311
14.1760617,7.3167530,11.3389047
14.3083063,7.1667212,11.3630134
14.4403636,7.0165288,11.3871467
14.5722451,6.8661776,11.4113266
14.7039555,6.7156780,11.4355445
14.8355027,6.5650371,11.4597908
14.9668963,6.4142600,11.4840937
15.0981430,6.2633564,11.5084316
15.2292524,6.1123323,11.5327983
15.3602319,5.9611970,11.5572200
15.4910912,5.8099573,11.5816645
15.6218403,5.6586194,11.6061320
15.7524842,5.5071960,11.6306271
15.8830356,5.3556898,11.6551257
16.0135032,5.2041085,11.6796276
16.1438904,5.0524653,11.7041114
16.2742112,4.9007597,11.7285764
16.4044717,4.7490007,11.7530127
16.5346747,4.5972001,11.7773964
16.6648351,4.4453552,11.8017507
16.7949559,4.2934778,11.8260604
16.9250426,4.1415777,11.8503407
17.0551127,3.9896533,11.8745911
17.1851695,3.8377235,11.8987722
17.3152293,3.6857998,11.9224723
17.4453202,3.5338903,11.9457895
17.5754558,3.3820314,11.9682100
17.7056748,3.2302424,11.9895955
17.8360198,3.0785488,12.0101468
17.9665154,2.9270056,12.0285262
18.0972184,2.7756370,12.0451180
18.2281915,2.6244739,12.0602084
18.3594546,2.4736042,12.0714620
18.4910910,2.3230371,12.0806337
18.6231444,2.1728218,12.0875730
18.7556360,2.0230263,12.0904684
18.8886314,1.8736564,12.0915831
19.0221571,1.7247552,12.0904368
19.1562281,1.5763673,12.0867226
19.2908793,1.4284859,12.0600106
19.4261084,1.2811359,11.9865917
19.5619219,1.1343370,11.9056986
19.6983557,0.9880966,11.8232274
19.8354196,0.8424570,11.7421893
19.9731372,0.6974395,11.6622775
20.1115363,0.5530562,11.5830435
20.2506163,0.4093448,11.5048620
20.3903998,0.2663142,11.4272689
20.5309030,0.1239770,11.3500953
20.6721190,-0.0176334,11.2736077
20.8140705,-0.1585154,11.1974830
20.9567653,-0.2986536,11.1216784
21.1001969,-0.4380196,11.0464517
21.2443855,-0.5766129,10.9714246
21.3893327,-0.7144147,10.8966387
21.5350387,-0.8514062,10.8221570
21.6815152,-0.9875796,10.7478080
21.8287629,-1.1229168,10.6736384
21.9767869,-1.2574045,10.5996453
22.1255914,-1.3910285,10.5257389
22.2751794,-1.5237738,10.4519577
22.4255568,-1.6556274,10.3782909
22.5767226,-1.7865705,10.3046973
22.7286859,-1.9165926,10.2312392
22.8814486,-2.0456762,10.1579041
23.0350069,-2.1737990,10.0846642
23.1893801,-2.3009569,10.0116680
23.3445608,-2.4271225,9.9388972
23.5005456,-2.5522711,9.8663157
23.6573675,-2.6764059,9.7942623
23.8150059,-2.7994863,9.7224344
23.9734619,-2.9214915,9.6508727
24.1327636,-3.0424223,9.5795888
24.2928954,-3.1622457,9.5083027
24.4538130,-3.2809950,9.4369707
24.6155783,-3.3988674,9.3649682
24.7779916,-3.5156611,9.2922073
24.9411418,-3.6312938,9.2179656
25.1054259,-3.7459071,9.1406273
25.2701711,-3.8590093,9.0607062
25.4358475,-3.9709720,8.9761233
25.6026107,-4.0819717,8.8854177
25.7696212,-4.1916073,8.7900800
25.9371673,-4.3003368,8.6886039
26.1055392,-4.4086748,8.5808775
26.2735666,-4.5159700,8.4741275
26.4424462,-4.6231524,8.3700669
26.6108795,-4.7298605,8.2753918
26.7792989,-4.8372058,8.1872167
26.9480150,-4.9459422,8.1039079
27.1152117,-5.0551910,8.0269142
27.2818444,-5.1658080,7.9531984
27.4479922,-5.2780850,7.8816851
27.6125686,-5.3914979,7.8139334
27.7763566,-5.5067415,7.7482463
27.9386086,-5.6235610,7.6843556
28.0997685,-5.7426520,7.6230898
28.2589840,-5.8636711,7.5627091
28.4163646,-5.9866700,7.5034746
28.5726559,-6.1118835,7.4456013
28.7271240,-6.2386583,7.3884157
28.8800889,-6.3672841,7.3321229
29.0317170,-6.4979257,7.2769832
29.1815548,-6.6302203,7.2225583
29.3297628,-6.7643498,7.1690422
29.4764195,-6.9004594,7.1383933
29.6212154,-7.0383271,7.1109641
29.7642046,-7.1780427,7.0836965
29.9054545,-7.3196954,7.0570184
30.0447816,-7.4631300,7.0308325
30.1821987,-7.6083870,7.0051649
30.3177010,-7.7554911,6.9807220
30.4512023,-7.9043792,6.9571090
30.5826948,-8.0550716,6.9343240
30.7121159,-8.2075247,6.9130995
30.8394371,-8.3617291,6.8931390
30.9646524,-8.5177000,6.8742963
31.0876942,-8.6753566,6.8573253
31.2085829,-8.8346985,6.8421462
31.3272700,-8.9956864,6.8283617
31.4437005,-9.1582935,6.8166159
31.5578590,-9.3225220,6.8069852
31.6697011,-9.4883146,6.7987215
31.7792126,-9.6556488,6.7921215
31.8863940,-9.8245231,6.7871470
31.9911947,-9.9948519,6.7829917
32.0936048,-10.1666088,6.7796725
32.1936426,-10.3398136,6.7775100
32.2912557,-10.5143608,6.7761421
32.3864412,-10.6902213,6.7756046
32.4792219,-10.8674082,6.7773743
32.5695669,-11.0458208,6.7808361
32.6574946,-11.2254382,6.7860140
32.7430187,-11.4062149,6.7945356
32.8261529,-11.5880782,6.8059593
32.9069530,-11.7710332,6.8199081
32.9854404,-11.9549725,6.8378726
33.0616582,-12.1397911,6.8598306
33.1356459,-12.3255715,6.8847818
33.2074083,-12.5122665,6.9138613
33.2769730,-12.6995622,6.9476862
33.3446981,-12.8878549,6.9845895
33.4106470,-13.0767590,7.0254944
33.4748987,-13.2660080,7.0712340
33.5377658,-13.4559787,7.1196773
33.5993299,-13.6463247,7.1716480
33.6597594,-13.8369168,7.2271959
33.7193228,-14.0279294,7.2844781
33.7781468,-14.2190957,7.3439666
33.8364447,-14.4104509,7.4048492
33.8943738,-14.6019059,7.4662844
33.9520788,-14.7934093,7.5281640
34.0097113,-14.9850423,7.5898675
34.0672900,-15.1765059,7.6510634
34.1249949,-15.3680422,7.7106226
34.1829390,-15.5596158,7.7680774
34.2411304,-15.7508079,7.8238001
34.2998389,-15.9420397,7.8762975
34.3591793,-16.1332089,7.9251064
34.4191619,-16.3238019,7.9710372
34.4801167,-16.5142193,8.0127062
34.5422244,-16.7043540,8.0494779
34.6054368,-16.8939786,8.0829080
34.6698146,-17.0832774,8.1125601
34.7354337,-17.2722118,8.1372285
34.8023259,-17.4606412,8.1592897
34.8705868,-17.6486362,8.1788704
34.9402304,-17.8360681,8.1952507
35.0113124,-18.0229593,8.2102869
35.0838902,-18.2093636,8.2243417
35.1579285,-18.3951254,8.2376707
35.2334402,-18.5802455,8.2511576
35.3104822,-18.7648516,8.2649773
35.3890015,-18.9488235,8.2794808
35.4689363,-19.1320465,8.2951409
35.5503682,-19.3147480,8.3116110
35.6332444,-19.4968531,8.3290584
35.7174359,-19.6781382,8.3479006
35.8030541,-19.8589047,8.3675114
35.8900509,-20.0391068,8.3879455
35.9782599,-20.2184672,8.4096361
36.0678096,-20.3973127,8.4319592
36.1586521,-20.5756072,8.4549392
36.2506176,-20.7530849,8.4790332
36.3438281,-20.9300494,8.5036803
36.4382305,-21.1064627,8.5289070
36.5336783,-21.2821203,8.5551641
36.6302660,-21.4572666,8.5819314
36.7279337,-21.6318597,8.6092531
36.8265745,-21.8057803,8.6375295
36.9262415,-21.9791938,8.6662794
37.0268724,-22.1520614,8.6955730
37.1284043,-22.3243472,8.7257295
37.2308438,-22.4961341,8.7563218
37.3341343,-22.6673981,8.7874451
37.4382503,-22.8381675,8.8193300
37.5431546,-23.0084513,8.8516125
37.6488057,-23.1782516,8.8844064
37.7552027,-23.3476349,8.9178614
37.8622720,-23.5165517,8.9516766
37.9699945,-23.6850377,8.9859736
38.0783813,-23.8531748,9.0208409
38.1873171,-24.0208676,9.0560335
38.2968031,-24.1882093,9.0916710
38.4068176,-24.3552493,9.1277917
38.5173044,-24.5219239,9.1641905
38.6282893,-24.6882889,9.2009646
38.7397500,-24.8543644,9.2381298
38.8516289,-25.0201184,9.2755214
38.9639252,-25.1856033,9.3132158
39.0766157,-25.3508389,9.3512099
39.1896539,-25.5158111,9.3893751
39.3030304,-25.6805597,9.4277642
39.4167214,-25.8451031,9.4663645
39.5306890,-26.0094394,9.5050809
39.6449181,-26.1735998,9.5439436
39.7593841,-26.3376007,9.5829317
39.8740560,-26.5014500,9.6219815
39.9889148,-26.6651719,9.6611016
40.1039350,-26.8287810,9.7002580
40.2190920,-26.9922925,9.7394170
40.3343644,-27.1557251,9.7785636
40.4497265,-27.3190899,9.8176364
40.5651614,-27.4824076,9.8566374
40.6806483,-27.6456904,9.8955210
40.7961647,-27.8089426,9.9341869
40.9117056,-27.9721871,9.9726884
41.0272571,-28.1354260,10.0109465
41.1428055,-28.2986519,10.0488260
41.2583624,-28.4618868,10.0864764
41.3739206,-28.6251228,10.1238206
41.4894685,-28.7883452,10.1607910
41.6050255,-28.9515819,10.1975382
41.7205826,-29.1148205,10.2339875
41.8361263,-29.2780419,10.2700732
41.9516820,-29.4412816,10.3059420
42.0672376,-29.6045227,10.3415194
42.1827777,-29.7677428,10.3767440
42.2983331,-29.9309852,10.4117581
42.4138883,-30.0942273,10.4464851
42.5294267,-30.2574446,10.4808714
42.6449844,-30.4206888,10.5150379
42.7605385,-30.5839312,10.5488850
42.8760678,-30.7471512,10.5822901
42.9916053,-30.9104137,10.6153996
43.1071151,-31.0736851,10.6480565
43.2225824,-31.2369558,10.6801551
43.3380390,-31.4002883,10.7118887
43.4534296,-31.5636402,10.7430505
43.5687314,-31.7270413,10.7735913
43.6839415,-31.8905348,10.8037217
43.7990200,-32.0541025,10.8331851
43.9139553,-32.2177685,10.8620007
44.0287375,-32.3815587,10.8903745
44.1433327,-32.5454649,10.9179997
44.2577312,-32.7095129,10.9449711
44.3719134,-32.8737144,10.9714758
44.4858575,-33.0380773,10.9971525
44.5995492,-33.2026204,11.0221795
44.7129621,-33.3673443,11.0467169
44.8260893,-33.5322777,11.0703483
44.9389069,-33.6974240,11.0933412
45.0513839,-33.8627760,11.1158239
45.1635317,-34.0283878,11.1373289
45.2753111,-34.1942392,11.1582131
45.3866900,-34.3603191,11.1785701
45.4976993,-34.5267097,11.1978912
45.6082812,-34.6933608,11.2166133
45.7184054,-34.8602613,11.2347963
45.8281219,-35.0275218,11.2519031
45.9373535,-35.1950589,11.2684328
46.0460735,-35.3628644,11.2844160
46.1543490,-35.5310750,11.2992998
46.2620851,-35.6995754,11.3136219
46.3692597,-35.8683615,11.3273918
46.4759528,-36.0375907,11.3400505
46.5820565,-36.2071221,11.3521518
46.6875528,-36.3769554,11.3636945
46.7925289,-36.5472601,11.3741309
46.8968714,-36.7178808,11.3840129
47.0005653,-36.8888185,11.3933405
47.1036980,-37.0602438,11.4016316
47.2061610,-37.2320009,11.4094105
47.3079410,-37.4040884,11.4166943
47.4091195,-37.5766649,11.4231679
47.5096036,-37.7495888,11.4292755
47.6093820,-37.9228534,11.4350596
47.7085257,-38.0965915,11.4404542
47.8069667,-38.2706877,11.4457607
47.9046848,-38.4451288,11.4510219
48.0017213,-38.6200167,11.4563787
48.0980389,-38.7952732,11.4619290
48.1936669,-38.9709144,11.4676583
48.2886211,-39.1469293,11.4737322
48.3829003,-39.3233000,11.4801496
48.4765156,-39.5000316,11.4868283
48.5694693,-39.6771112,11.4938939
48.6617625,-39.8545234,11.5013406
48.7534138,-40.0322868,11.5090446
48.8444212,-40.2103801,11.5170891
48.9347810,-40.3887791,11.5255057
49.0245189,-40.5675176,11.5341545
49.1136322,-40.7465739,11.5430901
49.2021099,-40.9259090,11.5523873
49.2899837,-41.1055708,11.5618982
49.3772525,-41.2855407,11.5716579
49.4638982,-41.4657648,11.5817775
49.5499572,-41.6463016,11.5920998
49.6354304,-41.8271365,11.6026447
49.7202955,-42.0082048,11.6135510
49.8045909,-42.1895704,11.6246517
49.8883195,-42.3712219,11.6359540
49.9714582,-42.5530906,11.6476167
50.0540444,-42.7352397,11.6594654
50.1360821,-42.9176591,11.6714994
50.2175519,-43.1002861,11.6838844
50.2984867,-43.2831744,11.6964487
50.3788905,-43.4663134,11.7091894
50.4587521,-43.6496571,11.7222571
50.5380962,-43.8332411,11.7355032
50.6169276,-44.0170558,11.7489169
50.6952431,-44.2010724,11.7626349
50.7730600,-44.3853094,11.7765289
50.8503832,-44.5697571,11.7905818
50.9272170,-44.7544032,11.8049177
51.0035724,-44.9392517,11.8194261
51.0794538,-45.1242910,11.8340850
51.1548722,-45.3095245,11.8490066
51.2298336,-45.4949441,11.8640965
51.3043413,-45.6805353,11.8793287
51.3784127,-45.8663151,11.8948038
51.4520541,-46.0522608,11.9104435
51.5252753,-46.2383590,11.9262176
51.5980948,-46.4246291,11.9422144
51.6705067,-46.6110558,11.9583708
51.7425142,-46.7976324,11.9746528
51.8141309,-46.9843673,11.9911378
51.8853620,-47.1712487,12.0077775
51.9562141,-47.3582678,12.0245346
52.0266999,-47.5454315,12.0414752
52.0968258,-47.7327307,12.0585647
52.1665985,-47.9201560,12.0757630
52.2360299,-48.1077125,12.0931258
52.3051275,-48.2953935,12.1106311
52.3738979,-48.4831897,12.1282365
52.4423525,-48.6711043,12.1459880
52.5104995,-48.8591326,12.1638749
52.5783457,-49.0472652,12.1818530
52.6459019,-49.2355042,12.1999595
52.7131770,-49.4238461,12.2181933
52.7801778,-49.6122820,12.2365093
52.8469149,-49.8008126,12.2549366
52.9133975,-49.9894357,12.2734822
52.9796327,-50.1781425,12.2921010
53.0456306,-50.3669328,12.3108147
53.1114009,-50.5558054,12.3296364
53.1769508,-50.7447517,12.3485220
53.2422902,-50.9337707,12.3674868
53.3074290,-51.1228620,12.3865481
53.3723746,-51.3120171,12.4056639
53.4371366,-51.5012345,12.4248441
53.5017253,-51.6905144,12.4441082
53.5661481,-51.8798484,12.4634173
53.6304146,-52.0692346,12.4827771
53.6945352,-52.2586735,12.5022075
53.7585174,-52.4481571,12.5216737
53.8223709,-52.6376829,12.5411784
53.8861061,-52.8272517,12.5607401
53.9497310,-53.0168558,12.5803290
54.0132550,-53.2064921,12.5999453
54.0766892,-53.3961619,12.6196036
54.1400414,-53.5858573,12.6392788
54.2033213,-53.7755753,12.6589703
54.2665398,-53.9653169,12.6786805
54.3297050,-54.1550749,12.6983914
54.3928259,-54.3448460,12.7181020
54.4559127,-54.5346312,12.7377920
54.5189724,-54.7244242,12.7574538
54.5820124,-54.9142225,12.7770871
54.6450400,-55.1040270,12.7966439
54.7080597,-55.2938335,12.8161298
54.7710748,-55.4836401,12.8355505
54.8340885,-55.6734491,12.8548341
54.8971013,-55.8632579,12.8740158
54.9601133,-56.0530658,12.8931141
55.0231257,-56.2428749,12.9120751
55.0861381,-56.4326839,12.9309312
55.1491503,-56.6224918,12.9497056
55.2121629,-56.8123007,12.9683509
55.2751756,-57.0021097,12.9868884
55.3381880,-57.1919176,13.0053461
55.4012007,-57.3817263,13.0236825
55.4642136,-57.5715353,13.0419084
55.5272261,-57.7613433,13.0600561
55.5902389,-57.9511518,13.0780903
55.6532519,-58.1409608,13.0960112
55.7162646,-58.3307689,13.1138556
55.7792774,-58.5205772,13.1315939
55.8422904,-58.7103862,13.1492163
55.9053033,-58.9001943,13.1667640
55.9683162,-59.0900025,13.1842124
56.0313293,-59.2798115,13.2015427
56.0943423,-59.4696196,13.2187997
56.1573553,-59.6594277,13.2359644
56.2203686,-59.8492366,13.2530085
56.2833817,-60.0390448,13.2699810
56.3463947,-60.2288528,13.2868678
56.4094081,-60.4186617,13.3036319
56.4724214,-60.6084699,13.3203259
56.5354345,-60.7982778,13.3369406
56.5984480,-60.9880867,13.3534305
56.6614614,-61.1778949,13.3698517
56.7244746,-61.3677028,13.3861998
56.7874882,-61.5575115,13.4024211
56.8505016,-61.7473198,13.4185751
56.9135149,-61.9371276,13.4346619
56.9765285,-62.1269363,13.4506200
57.0395419,-62.3167446,13.4665123
57.1025553,-62.5065525,13.4823387
57.1655689,-62.6963611,13.4980433
57.2285823,-62.8861694,13.5136790
57.2915957,-63.0759774,13.5292503
57.3546092,-63.2657859,13.5447064
57.4176227,-63.4555942,13.5600907
57.4806361,-63.6454023,13.5754119
57.5436496,-63.8352108,13.5906243
57.6066630,-64.0250191,13.6057622
57.6696763,-64.2148273,13.6208382
57.7326897,-64.4046356,13.6358118
57.7957031,-64.5944440,13.6507081
57.8587164,-64.7842522,13.6655438
57.9217297,-64.9740606,13.6802830
57.9847430,-65.1638690,13.6949425
58.0477562,-65.3536773,13.7095425
58.1107694,-65.5434857,13.7240518
58.1737825,-65.7332940,13.7384791
58.2367956,-65.9231025,13.7528480
58.2998086,-66.1129109,13.7671319
58.3628216,-66.3027193,13.7813313
58.4258346,-66.4925277,13.7954735
58.4888475,-66.6823362,13.8095362
58.5518603,-66.8721446,13.8235122
58.6148731,-67.0619532,13.8374321
58.6778858,-67.2517618,13.8512777
58.7408984,-67.4415702,13.8650345
58.8039110,-67.6313788,13.8787363
58.8669235,-67.8211875,13.8923688
58.9299359,-68.0109959,13.9059105
58.9929483,-68.2008047,13.9193983
59.0559606,-68.3906135,13.9328217
59.1189727,-68.5804219,13.9461524
59.1819848,-68.7702307,13.9594302
59.2449970,-68.9600398,13.9726483
59.3080088,-69.1498482,13.9857719
59.3710206,-69.3396570,13.9988436
59.4340325,-69.5294663,14.0118602
59.4970440,-69.7192747,14.0247806
59.5600556,-69.9090836,14.0376500
59.6230672,-70.0988931,14.0504685
59.6860784,-70.2887015,14.0631895
59.7490896,-70.4785105,14.0758603
59.8121010,-70.6683202,14.0884812
59.8751118,-70.8581287,14.1010097
59.9381227,-71.0479377,14.1134856
60.0011337,-71.2377475,14.1259124
60.0641442,-71.4275562,14.1382517
60.1271547,-71.6173653,14.1505363
60.1901654,-71.8071752,14.1627726
60.2531756,-71.9969840,14.1749261
60.3161857,-72.1867932,14.1870227
60.3791960,-72.3766032,14.1990721
60.4422058,-72.5664123,14.2110431
60.5052156,-72.7562215,14.2229551
60.5682255,-72.9460316,14.2348207
60.6312349,-73.1358409,14.2466124
60.6942442,-73.3256501,14.2583432
60.7572537,-73.5154604,14.2700284
60.8202628,-73.7052700,14.2816439
60.8832717,-73.8950792,14.2931966
60.9462807,-74.0848896,14.3047046
61.0092894,-74.2746994,14.3161470
61.0722978,-74.4645088,14.3275248
61.1353064,-74.6543192,14.3388587
61.1983147,-74.8441294,14.3501309
61.2613227,-75.0339387,14.3613369
61.3243308,-75.2237493,14.3724998
61.3873387,-75.4135598,14.3836047
61.4503461,-75.6033691,14.3946420
61.5133538,-75.7931798,14.4056368
61.5763614,-75.9829906,14.4165773
61.6393683,-76.1728000,14.4274486
61.7023754,-76.3626108,14.4382783
61.7653826,-76.5524220,14.4490573
61.8283889,-76.7422314,14.4597656
61.8913956,-76.9320422,14.4704330
61.9544024,-77.1218538,14.4810530
62.0174082,-77.3116632,14.4916010
62.0804143,-77.5014741,14.5021089
62.1434207,-77.6912861,14.5125727
62.2064260,-77.8810956,14.5229632
62.2694316,-78.0709065,14.5333143
62.3324379,-78.2607189,14.5436244
62.3954438,-78.4505271,14.5538602
62.4584510,-78.6403372,14.5640570
62.5214593,-78.8301501,14.5742151
62.5844662,-79.0199581,14.5842990
62.6474738,-79.2097685,14.5943438
62.7104822,-79.3995806,14.6043505
62.7734896,-79.5893892,14.6142873
62.8364974,-79.7791994,14.6241755
62.8995048,-79.9690113,14.6340173
62.9625093,-80.1588215,14.6437606
63.0255100,-80.3486340,14.6534321
63.0885044,-80.5384498,14.6630395
63.1514890,-80.7282671,14.6725278
63.2144612,-80.9180890,14.6819331
63.2774183,-81.1079167,14.6814243
63.3403572,-81.2977496,14.6156059
63.4032762,-81.4875893,14.5159010
63.4661731,-81.6774365,14.3977143
63.5290457,-81.8672915,14.2799978
63.5918922,-82.0571554,14.1626383
63.6547113,-82.2470281,14.0455442
63.7175027,-82.4369101,13.9288497
63.7802668,-82.6268015,13.8124798
63.8430042,-82.8167009,13.6963406
63.9057170,-83.0066089,13.5805385
63.9684074,-83.1965248,13.4650372
64.0310776,-83.3864463,13.3497427
64.0937309,-83.5763738,13.2347428
64.1563704,-83.7663068,13.1200338
64.2189984,-83.9562420,13.0055185
64.2816184,-84.1461803,12.8912713
64.3442331,-84.3361218,12.7773148
64.4068439,-84.5260626,12.6635448
64.4694531,-84.7160040,12.5500234
64.5320628,-84.9059476,12.4367933
64.5946725,-85.0958888,12.3237419
64.6572834,-85.2858292,12.2109170
64.7198968,-85.4757719,12.0983722
64.7825114,-85.6657117,11.9859893
64.8451277,-85.8556498,11.8738009
64.9077471,-86.0455904,11.7618701
64.9703678,-86.2355296,11.6500828
65.0329867,-86.4254658,11.5384597
65.0956050,-86.6154141,11.4270669
65.1582191,-86.8053545,11.3157936
65.2208315,-86.9952864,11.2046490
65.2834508,-87.1852343,11.0937066
65.3460682,-87.3751728,10.9828652
65.4086840,-87.5651032,10.8721264
65.4713059,-87.7550503,10.7615579
65.5339251,-87.9449888,10.6510680
65.5965416,-88.1349196,10.5406560
65.6591626,-88.3248657,10.4303697
65.7217804,-88.5148052,10.3201404
65.7843945,-88.7047381,10.2099643
65.8470111,-88.8946837,10.0998640
65.9096241,-89.0846253,9.9897960
65.9722325,-89.2745614,9.8797546
66.0348410,-89.4645078,9.7697413
66.0974448,-89.6544528,9.6597325
66.1600419,-89.8443938,9.5497241
66.2226350,-90.0343436,9.4397007
66.2852200,-90.2242949,9.3296480
66.3477936,-90.4142449,9.2195668
66.4103566,-90.6042031,9.1094256
66.4729050,-90.7941663,8.9992096
66.5354349,-90.9841318,8.8889302
66.5979453,-91.1741064,8.7785408
66.6604327,-91.3640890,8.6680156
66.7228931,-91.5540783,8.5573840
66.7853247,-91.7440785,8.4465882
66.8477239,-91.9340888,8.3355774
66.9100879,-92.1241107,8.2244092
66.9724143,-92.3141461,8.1130203
67.0346989,-92.5041919,8.0013197
67.0969406,-92.6942544,7.8894063
67.1591360,-92.8843346,7.7772200
67.2212781,-93.0744240,7.6646205
67.2833658,-93.2645371,7.5517624
67.3453913,-93.4546763,7.4386016
67.4073367,-93.6448248,7.3249687
67.4691943,-93.8350130,7.2110873
67.5309384,-94.0252494,7.0969426
67.5925242,-94.2155123,6.9824411
67.6539263,-94.4058111,6.8678632
67.7151425,-94.5962580,6.7532185
67.7760282,-94.7866458,6.6390164
67.8364957,-94.9772784,6.5253974
67.8963651,-95.1682113,6.4123710
67.9553768,-95.3592157,6.3010952
68.0134187,-95.5506063,6.1911017
68.0702777,-95.7424295,6.0823426
68.1256720,-95.9345345,5.9764674
68.1794285,-96.1271733,5.8723507
68.2313051,-96.3203840,5.7698959
68.2810186,-96.5140493,5.6709522
68.3283678,-96.7083608,5.5738623
68.3731073,-96.9033352,5.4785482
68.4149690,-97.0988520,5.3866878
68.4537503,-97.2950500,5.2963127
68.4892228,-97.4919118,5.2074935
68.5211489,-97.6892932,5.1210082
68.5493443,-97.8872854,5.0353286
68.5736097,-98.0858402,4.9505301
68.5937417,-98.2847554,4.8666479
68.6095721,-98.4841123,4.7836318
68.6209200,-98.6838292,4.7017408
68.6276009,-98.8837092,4.6229599
68.6293600,-99.0838107,4.5461954
68.6259020,-99.2837393,4.4722919
68.6169151,-99.4837850,4.4026741
68.6021341,-99.6832237,4.3355811
68.5812824,-99.8820116,4.2720610
68.5540080,-100.0805602,4.2126109
68.5202207,-100.2775865,4.1554046
68.4797166,-100.4730708,4.1007869
68.4320582,-100.6679140,4.0473325
68.3775160,-100.8603290,3.9921176
68.3160739,-101.0500304,3.9400417
68.2472200,-101.2380594,3.9334227
68.1713289,-101.4232758,3.9317120
68.0888305,-101.6051289,3.9346014
67.9999057,-101.7838287,3.9419904
67.9046197,-101.9595928,3.9533138
67.8035297,-102.1315116,3.9674833
67.6965574,-102.2996353,3.9836687
67.5828632,-102.4642338,4.0015430
67.4621714,-102.6240180,4.0210245
67.3354449,-102.7767272,4.0414596
67.2005361,-102.9261224,4.0578460
67.0607720,-103.0696108,4.0656580
66.9160802,-103.2078643,4.1151041
66.7668361,-103.3420510,4.1838559
66.6154984,-103.4728033,4.2951001
66.4638000,-103.6038184,4.3227273
66.3144741,-103.7366935,4.2410797
66.1672821,-103.8737623,4.1554757
66.0254810,-104.0138336,4.0711046
65.8880262,-104.1598834,3.9973342
65.7572004,-104.3113385,3.9295963
65.6338177,-104.4674084,3.8662141
65.5162860,-104.6293400,3.8074628
65.4055174,-104.7961528,3.7504909
65.3022466,-104.9670161,3.7106611
65.2064865,-105.1420449,3.6965635
65.1180975,-105.3216594,3.6821303
65.0376307,-105.5047324,3.6683330
64.9651822,-105.6909605,3.6560312
64.9008987,-105.8801687,3.6462587
64.8449951,-106.0721132,3.6423095
64.7976572,-106.2660939,3.6472835
64.7588118,-106.4621399,3.6612043
64.7284262,-106.6600421,3.6842412
64.7064738,-106.8588002,3.7182702
64.6926875,-107.0579738,3.7607720
64.6867136,-107.2579547,3.8082593
64.6882590,-107.4584204,3.8598880
64.6969384,-107.6578094,3.9159574
64.7124392,-107.8571670,3.9737135
64.7344637,-108.0562703,4.0328978
64.7625870,-108.2541490,4.0938301
64.7965224,-108.4512042,4.1571949
64.8359446,-108.6474809,4.2226430
64.8803815,-108.8424451,4.2919572
64.9294964,-109.0363460,4.3651591
64.9828863,-109.2291738,4.4412352
65.0401037,-109.4208234,4.5221416
65.1007814,-109.6115216,4.6074122
65.1643853,-109.8010941,4.6958268
65.2305338,-109.9898806,4.7892553
65.2987664,-110.1779599,4.8867055
65.3685313,-110.3652392,4.9867593
65.4394643,-110.5522278,5.0900160
65.5110088,-110.7390184,5.1945739
65.5825809,-110.9256878,5.2969508
65.6536857,-111.1125908,5.3931415
65.7237433,-111.2998987,5.4777907
65.7921893,-111.4877714,5.5534781
65.8585445,-111.6764558,5.6180421
65.9223178,-111.8659172,5.6658602
65.9832246,-112.0563742,5.6910715
66.0410568,-112.2479524,5.6907406
66.0955230,-112.4401955,5.6184300
66.1465759,-112.6335174,5.5488627
66.1940598,-112.8280108,5.4832358
66.2376495,-113.0229361,5.4224876
66.2773842,-113.2188894,5.3634222
66.3131849,-113.4159581,5.3059070
66.3448031,-113.6130859,5.2505367
66.3723411,-113.8111483,5.1959881
66.3957317,-114.0100969,5.1422888
66.4148140,-114.2088857,5.0899149
66.4295802,-114.4085187,5.0380248
66.4398389,-114.6083324,4.9867794
66.4454616,-114.8082865,4.9432779
66.4462896,-115.0083655,4.9069124
66.4421626,-115.2083517,4.8872125
66.4329452,-115.4083262,4.8676528
66.4185765,-115.6076183,4.8482122
66.3989140,-115.8069161,4.8291830
66.3739218,-116.0055279,4.8106332
66.3436451,-116.2026930,4.7925087
66.3077440,-116.4000374,4.7757417
66.2664443,-116.5958762,4.7601123
66.2198728,-116.7897167,4.7456706
66.1675991,-116.9832884,4.7338702
66.1100375,-117.1750797,4.7244154
66.0474678,-117.3646032,4.7173431
65.9798638,-117.5524387,4.7134136
65.9071680,-117.7391755,4.7139527
65.8301103,-117.9234656,4.7181872
65.7486046,-118.1054844,4.7264193
65.6621659,-118.2860183,4.7388235
65.5716323,-118.4636017,4.7570599
65.4766807,-118.6391112,4.7789339
65.3770611,-118.8128438,4.8037758
65.2729352,-118.9842646,4.8313351
65.1652454,-119.1518228,4.8610461
65.0527990,-119.3174247,4.8916941
64.9358781,-119.4806512,4.9232083
64.8158949,-119.6397593,4.9572481
64.6915610,-119.7967342,4.9929044
64.5636124,-119.9508712,5.0306213
64.4327080,-120.1017221,5.0719029
64.2983157,-120.2502512,5.1149293
64.1612652,-120.3958838,5.1611636
64.0214999,-120.5390553,5.2101739
63.8793064,-120.6798311,5.2608081
63.7349108,-120.8183420,5.3153367
63.5885082,-120.9547511,5.3714953
63.4404487,-121.0890708,5.4298831
63.2904483,-121.2218783,5.4913111
63.1394517,-121.3527042,5.5542460
62.9870002,-121.4823185,5.6200337
62.8335444,-121.6106674,5.6880501
62.6794473,-121.7375926,5.7575598
62.5239941,-121.8637361,5.8297414
62.3678604,-121.9887311,5.9033475
62.2112193,-122.1126452,5.9781313
62.0535965,-122.2360481,6.0547422
61.8956138,-122.3586523,6.1320127
61.7373370,-122.4806062,6.2098738
61.5784788,-122.6023175,6.2882234
61.4194887,-122.7236125,6.3664639
61.2603959,-122.8446195,6.4445667
61.1010470,-122.9655785,6.5219000
60.9416894,-123.0863925,6.5985304
60.7823177,-123.2071297,6.6745014
60.6228727,-123.3278761,6.7491662
60.4634441,-123.4485849,6.8228593
60.3039945,-123.5692948,6.8957306
60.1445482,-123.6899920,6.9672565
59.9851187,-123.8106702,7.0377425
59.8256328,-123.9313886,7.1074161
59.6661869,-124.0520741,7.1758218
59.5067522,-124.1727395,7.2431390
59.3472254,-124.2934629,7.3096763
59.1877542,-124.4141395,7.3750466
59.0283045,-124.5348029,7.4393893
58.8687894,-124.6555207,7.5030316
58.7093210,-124.7762074,7.5656288
58.5498744,-124.8968817,7.6272860
58.3903693,-125.0176040,7.6883156
58.2309068,-125.1382971,7.7483912
58.0714597,-125.2589813,7.8076222
57.9119619,-125.3797062,7.8662877
57.7525052,-125.5004017,7.9240645
57.5930545,-125.6210938,7.9810931
57.4335618,-125.7418184,8.0376089
57.2741086,-125.8625133,8.0932836
57.1146522,-125.9832102,8.1483041
56.9551629,-126.1039311,8.2028572
56.7957096,-126.2246232,8.2566045
56.6362460,-126.3453212,8.3097869
56.4767588,-126.4660346,8.3625411
56.3173011,-126.5867228,8.4145172
56.1578294,-126.7074181,8.4660113
55.9983438,-126.8281201,8.5171114
55.8388768,-126.9488038,8.5674566
55.6793969,-127.0694927,8.6173951
55.5199129,-127.1901797,8.6669696
55.3604316,-127.3108593,8.7158106
55.2009438,-127.4315385,8.7643117
55.0414602,-127.5522086,8.8124437
54.8819618,-127.6728839,8.8599260
54.7224678,-127.7935516,8.9070693
54.5629847,-127.9142123,8.9538030
54.4034836,-128.0348982,8.9998438
54.2440119,-128.1555887,9.0455045
54.0845707,-128.2763012,9.0906668
53.9251311,-128.3970787,9.1351269
53.7657600,-128.5178923,9.1694851
53.6064440,-128.6387721,9.1842544
53.4471554,-128.7597554,9.0995027
53.2879703,-128.8808029,8.9925969
53.1288580,-129.0019569,8.8855949
52.9698024,-129.1232488,8.7783693
52.8108821,-129.2446331,8.6709669
52.6520420,-129.3661530,8.5632552
52.4932443,-129.4878184,8.4551104
52.3345989,-129.6095387,8.3466546
52.1760123,-129.7313889,8.2376835
52.0174873,-129.8533723,8.1281629
51.8591034,-129.9754149,8.0182713
51.7007549,-130.0975745,7.9078158
51.5424474,-130.2198215,7.7967768
51.3842237,-130.3420933,7.6853420
51.2260055,-130.4644185,7.5733215
51.0677914,-130.5867649,7.4608486
50.9095888,-130.7090835,7.3482045
50.7513347,-130.8313628,7.2354740
50.5930077,-130.9535339,7.1229659
50.4345444,-131.0755319,7.0107745
50.2758698,-131.1972739,6.8991957
50.1169457,-131.3186211,6.7888765
49.9576160,-131.4395009,6.6795627
49.7978022,-131.5597653,6.5717923
49.6374979,-131.6792021,6.4663015
49.4764303,-131.7977928,6.3623235
49.3145821,-131.9153371,6.2604997
49.1520876,-132.0315593,6.1613373
48.9885334,-132.1466832,6.0638255
48.8240160,-132.2604758,5.9687412
48.6585623,-132.3725366,5.8762223
48.4915178,-132.4829778,5.7851170
48.3233676,-132.5911938,5.6962471
48.1537221,-132.6971818,5.6090060
47.9824878,-132.8007423,5.5227703
47.8097422,-132.9015751,5.4382387
47.6352641,-132.9995646,5.3543681
47.4593061,-133.0943386,5.2710741
47.2812329,-133.1860067,5.1882508
47.1016150,-133.2740594,5.1053242
46.9204723,-133.3583064,5.0222333
46.7369884,-133.4389311,4.9384106
46.5522394,-133.5152878,4.8543800
46.3659662,-133.5873437,4.7701605
46.1773660,-133.6552265,4.6865087
45.9877279,-133.7183040,4.6035664
45.7968856,-133.7764968,4.5215456
45.6037437,-133.8299395,4.4416720
45.4097789,-133.8780096,4.3633065
45.2146718,-133.9204793,4.2865436
45.0181032,-133.9570394,4.2121618
44.8206145,-133.9873599,4.1399277
44.6220108,-134.0112756,4.0692867
44.4226148,-134.0284824,4.0002481
44.2230293,-134.0386265,3.9334661
44.0230384,-134.0414312,3.8680159
43.8230061,-134.0365907,3.8038698
43.6234514,-134.0238309,3.7416406
43.4245350,-134.0028781,3.6808544
43.2266880,-133.9734821,3.6211710
43.0303724,-133.9354143,3.5627809
42.8359100,-133.8884265,3.5054449
42.6439409,-133.8323542,3.4484367
42.4550534,-133.7670526,3.3916097
42.2694625,-133.6922373,3.3337838
42.0881297,-133.6079042,3.2745085
41.9116936,-133.5139847,3.2135731
41.7407042,-133.4103076,3.1497527
41.5761044,-133.2967949,3.1291440
41.4187627,-133.1736091,3.1204444
41.2691783,-133.0407578,3.1121052
41.1285290,-132.8990725,3.1045509
40.9968001,-132.7487338,3.0973351
40.8743985,-132.5902716,3.0904333
40.7622320,-132.4248363,3.0839442
40.6604991,-132.2527472,3.0777791
40.5695211,-132.0744874,3.0717529
40.4898319,-131.8910596,3.0657447
40.4216812,-131.7030413,3.0591296
40.3653284,-131.5110853,3.0508789
40.3210718,-131.3160906,3.0395017
40.2890859,-131.1185260,3.0323842
40.2696257,-130.9194522,3.0376976
40.2626662,-130.7198160,3.0613941
40.2678876,-130.5195130,3.1036752
40.2847455,-130.3201300,3.1491440
40.3126037,-130.1225247,3.1963476
40.3511954,-129.9259862,3.2417420
40.4000171,-129.7317392,3.2858443
40.4584702,-129.5406878,3.3295737
40.5261547,-129.3531324,3.3737025
40.6031713,-129.1684376,3.4206499
40.6885097,-128.9880687,3.4711334
40.7817372,-128.8114839,3.5254747
40.8824520,-128.6384480,3.5838183
40.9897976,-128.4698205,3.6469574
41.1032515,-128.3057336,3.7131698
41.2229685,-128.1454351,3.7806291
41.3486444,-127.9889422,3.8487877
41.4786129,-127.8377831,3.9173841
41.6137272,-127.6903980,3.9867042
41.7536559,-127.5467142,4.0567049
41.8969606,-127.4076794,4.1281223
42.0441439,-127.2722672,4.2005197
42.1949536,-127.1402665,4.2736733
42.3482611,-127.0121988,4.3482401
42.5045420,-126.8872233,4.4235344
42.6633128,-126.7653453,4.4994961
42.8241640,-126.6465073,4.5767351
42.9871084,-126.5303592,4.6545608
43.1517424,-126.4168730,4.7331981
43.3182426,-126.3056240,4.8130489
43.4859167,-126.1967363,4.8936018
43.6549251,-126.0898467,4.9753314
43.8252994,-125.9848395,5.0582745
43.9965131,-125.8818855,5.1419794
44.1689643,-125.7805473,5.2268949
44.3423732,-125.6807803,5.3129064
44.5164064,-125.5825454,5.3996812
44.6912806,-125.4854760,5.4876324
44.8667482,-125.3894514,5.5765656
45.0425678,-125.2943229,5.6661056
45.2187878,-125.1997647,5.7563787
45.3952052,-125.1055662,5.8467991
45.5716411,-125.0114862,5.9358194
45.7480168,-124.9172121,6.0213253
45.9241046,-124.8224925,6.1006854
46.0998062,-124.7269916,6.1753158
46.2749708,-124.6304095,6.2434907
46.4492737,-124.5325728,6.2500482
46.6227877,-124.4331303,6.2124296
46.7953546,-124.3318622,6.1186904
46.9664892,-124.2287328,6.0309800
47.1364700,-124.1232439,5.9460025
47.3049857,-124.0153209,5.8641274
47.4716917,-123.9050203,5.7853687
47.6368083,-123.7920558,5.7081094
47.8000714,-123.6764628,5.6327398
47.9613066,-123.5582189,5.5599955
48.1205469,-123.4371499,5.4885649
48.2775693,-123.3132730,5.4189301
48.4322603,-123.1865290,5.3510664
48.5845119,-123.0568141,5.2841871
48.7341458,-122.9241395,5.2187941
48.8810544,-122.7886143,5.1546808
49.0253547,-122.6500387,5.0913952
49.1666404,-122.5085590,5.0295878
49.3047953,-122.3637985,4.9688233
49.4394061,-122.2158393,4.9087978
49.5704153,-122.0645184,4.8501771
49.6975579,-121.9099328,4.7923035
49.8203394,-121.7525290,4.7350933
49.9394327,-121.5912505,4.6791909
50.0538779,-121.4272257,4.6238890
50.1634972,-121.2605605,4.5692237
50.2687962,-121.0901401,4.5157125
50.3688349,-120.9170685,4.4627308
50.4635981,-120.7411770,4.4126037
50.5531671,-120.5620539,4.3950331
50.6370338,-120.3802006,4.3779495
50.7147954,-120.1962075,4.3614817
50.7866110,-120.0095779,4.3462664
50.8524329,-119.8202499,4.3332453
50.9118928,-119.6293231,4.3225315
50.9650579,-119.4371323,4.3146793
51.0121511,-119.2428371,4.3113988
51.0525252,-119.0477033,4.3138858
51.0865088,-118.8513239,4.3219360
51.1145355,-118.6528371,4.3355698
51.1364213,-118.4538257,4.3559183
51.1521192,-118.2551287,4.3832355
51.1618211,-118.0549627,4.4144875
51.1655476,-117.8543688,4.4495463
51.1634868,-117.6547656,4.4883804
51.1558218,-117.4545552,4.5283988
51.1429006,-117.2548514,4.5696624
51.1251704,-117.0555170,4.6140348
51.1028349,-116.8567800,4.6604842
51.0759616,-116.6586646,4.7098073
51.0445866,-116.4610896,4.7635202
51.0089557,-116.2643380,4.8197041
50.9693143,-116.0683459,4.8792221
50.9259017,-115.8730864,4.9426327
50.8790063,-115.6787001,5.0081758
50.8288724,-115.4851103,5.0765182
50.7757479,-115.2922779,5.1478197
50.7199063,-115.1002594,5.2207459
50.6615787,-114.9089715,5.2957687
50.6009968,-114.7183553,5.3728819
50.5384086,-114.5284214,5.4511129
50.4740248,-114.3390830,5.5307390
50.4080516,-114.1502665,5.6116273
50.3407090,-113.9619618,5.6931277
50.2721818,-113.7740824,5.7753294
50.2026467,-113.5865484,5.8579787
50.1322937,-113.3993454,5.9407383
50.0612773,-113.2123932,6.0235324
49.9897391,-113.0256134,6.1059681
49.9178326,-112.8390003,6.1880284
49.8456708,-112.6524889,6.2695129
49.7733438,-112.4660117,6.3498880
49.7009459,-112.2795875,6.4294749
49.6285200,-112.0931809,6.5080211
49.5560737,-111.9067477,6.5849456
49.4836331,-111.7203387,6.6609622
49.4111942,-111.5339412,6.7359121
49.3387399,-111.3475079,6.8093628
49.2662927,-111.1611004,6.8819939
49.1938498,-110.9747095,6.9537076
49.1213943,-110.7882737,7.0238852
49.0489720,-110.6018553,7.0931561
48.9766100,-110.4154382,7.1614571
48.9043191,-110.2289363,7.2279280
48.8321744,-110.0424087,7.2933633
48.7602247,-109.8558346,7.3577558
48.6884930,-109.6691175,7.4200737
48.6170615,-109.4823132,7.4812311
48.5459895,-109.2954007,7.5412477
48.4753172,-109.1082982,7.5991816
48.4051225,-108.9210394,7.6558364
48.3354361,-108.7335807,7.7113523
48.2662923,-108.5459194,7.7650255
48.1977283,-108.3580452,7.8175587
48.1297744,-108.1699488,7.8692077
48.0624526,-107.9816266,7.9196671
47.9957755,-107.7930758,7.9694197
47.9297464,-107.6042939,8.0186849
47.8643659,-107.4152886,8.0673422
47.7996278,-107.2260643,8.1155551
47.7355209,-107.0366207,8.1634727
47.6720359,-106.8469693,8.2110057
47.6091609,-106.6571189,8.2581647
47.5468801,-106.4670670,8.3050779
47.4851821,-106.2768254,8.3516701
47.4240557,-106.0864059,8.3978808
47.3634845,-105.8958025,8.4438510
47.3034576,-105.7050252,8.4895241
47.2439663,-105.5140898,8.5347934
47.1849945,-105.3229860,8.5798221
47.1265319,-105.1317215,8.6245750
47.0685728,-104.9403166,8.6689052
47.0111010,-104.7487569,8.7129976
46.9541070,-104.5570476,8.7568374
46.8975874,-104.3652140,8.8002414
46.8415262,-104.1732374,8.8434123
46.7859142,-103.9811211,8.8863508
46.7307498,-103.7888940,8.9288517
46.6760175,-103.5965350,8.9711213
46.6217087,-103.4040467,9.0131642
46.5678220,-103.2114560,9.0547973
46.5143437,-103.0187453,9.0961877
46.4612654,-102.8259148,9.1373572
46.4085856,-102.6329890,9.1781434
46.3562923,-102.4399540,9.2186769
46.3043773,-102.2468078,9.2589956
46.2528389,-102.0535724,9.2989559
46.2016670,-101.8602377,9.3386550
46.1508533,-101.6667996,9.3781452
46.1003960,-101.4732775,9.4173004
46.0502866,-101.2796652,9.4561874
46.0005170,-101.0859566,9.4948713
45.9510850,-100.8921688,9.5332422
45.9019837,-100.6982988,9.5713389
45.8532050,-100.5043391,9.6092383
45.8047466,-100.3103043,9.6468453
45.7566028,-100.1161945,9.6841733
45.7087659,-99.9220011,9.7213095
45.6612332,-99.7277365,9.7581725
45.6140002,-99.5334032,9.7947527
45.5670594,-99.3389920,9.8311466
45.5204081,-99.1445130,9.8672849
45.4740425,-98.9499709,9.9031374
45.4279555,-98.7553561,9.9388088
45.3821443,-98.5606770,9.9742410
45.3366059,-98.3659394,10.0093847
45.2913335,-98.1711341,10.0443519
45.2463245,-97.9762676,10.0790950
45.2015762,-97.7813467,10.1135470
45.1570825,-97.5863625,10.1478264
45.1128408,-97.3913203,10.1818952
45.0688488,-97.1962268,10.2156698
45.0251011,-97.0010744,10.2492750
44.9815952,-96.8058668,10.2826816
44.9383291,-96.6106106,10.3157905
44.8952982,-96.4152991,10.3487330
44.8525001,-96.2199355,10.3814883
44.8099331,-96.0245250,10.4139436
44.7675933,-95.8290628,10.4462368
44.7254784,-95.6335513,10.4783554
44.6835866,-95.4379942,10.5101782
44.6419143,-95.2423888,10.5418483
44.6004593,-95.0467370,10.5733613
44.5592188,-94.8510408,10.6045985
44.5181892,-94.6552996,10.6357037
44.4773671,-94.4595156,10.6666773
44.4367479,-94.2636887,10.6974266
44.3963267,-94.0678209,10.7280790
44.3560977,-93.8719149,10.7586373
44.3160530,-93.6759691,10.7890598
44.2761846,-93.4799880,10.8194336
44.2364826,-93.2839751,10.8497642
44.1969344,-93.0879280,10.8800568
44.1575273,-92.8918534,10.9103500
44.1182460,-92.6957562,10.9406456
44.0790717,-92.4996336,10.9709652
44.0399877,-92.3034949,11.0013008
44.0009739,-92.1073448,11.0176617
43.9620086,-91.9111819,10.9141911
43.9230738,-91.7150144,10.8065661
43.8841517,-91.5188444,10.6964115
43.8452246,-91.3226750,10.5865764
43.8062738,-91.1265113,10.4769954
43.7672787,-90.9303543,10.3676160
43.7282199,-90.7342119,10.2585642
43.6890768,-90.5380871,10.1497531
43.6498289,-90.3419794,10.0411194
43.6104587,-90.1458995,9.9327473
43.5709480,-89.9498494,9.8245627
43.5312784,-89.7538255,9.7165078
43.4914356,-89.5578410,9.6086333
43.4514038,-89.3618979,9.5009008
43.4111650,-89.1659892,9.3932699
43.3707053,-88.9701306,9.2857931
43.3300063,-88.7743264,9.1784973
43.2890437,-88.5785670,9.0713547
43.2477948,-88.3828723,8.9644805
43.2062284,-88.1872518,8.8580335
43.1643006,-87.9916963,8.7519636
43.1219652,-87.7962327,8.6465514
43.0791620,-87.6008807,8.5422298
43.0358104,-87.4056357,8.4388177
42.9918249,-87.2105356,8.3368987
42.9471037,-87.0156161,8.2372934
42.9015228,-86.8208795,8.1393926
42.8549602,-86.6263770,8.0440591
42.8072887,-86.4321625,7.9520226
42.7583687,-86.2382377,7.8620524
42.7080793,-86.0446632,7.7748982
42.6563103,-85.8515077,7.6907638
42.6029407,-85.6587587,7.6082807
42.5478815,-85.4664833,7.5278702
42.4910608,-85.2747622,7.4493164
42.4323825,-85.0835600,7.3716561
42.3717935,-84.8929517,7.2950305
42.3092566,-84.7030258,7.2192038
42.2446849,-84.5137290,7.1438394
42.1780660,-84.3251444,7.0691001
42.1094406,-84.1373689,6.9955602
42.0386952,-83.9502524,6.9227829
41.9658001,-83.7639966,6.8511437
41.8906386,-83.5786392,6.7808081
41.8131327,-83.3942269,6.7112932
41.7332487,-83.2108709,6.6430552
41.6508808,-83.0285261,6.5760983
41.5660603,-82.8474441,6.5099708
41.4786614,-82.6675299,6.4451395
41.3886102,-82.4888036,6.3814534
41.2960265,-82.3116480,6.3185384
41.2007039,-82.1358015,6.2567646
41.1026032,-81.9613294,6.1959800
41.0019203,-81.7886834,6.1358716
40.8984474,-81.6175971,6.0766621
40.7920846,-81.4480101,6.0183674
40.6831089,-81.2804455,5.9606893
40.5714059,-81.1147936,5.9037062
40.4567048,-80.9507514,5.8477743
40.3393484,-80.7889115,5.7925457
40.2191896,-80.6292320,5.7380546
40.0960447,-80.4717169,5.6847934
39.9699978,-80.3167039,5.6326314
39.8407842,-80.1639729,5.5895433
39.7085599,-80.0138053,5.5675985
39.5734915,-79.8665415,5.5460121
39.4352763,-79.7219368,5.5247735
39.2939670,-79.5801217,5.5039236
39.1499977,-79.4415828,5.4840278
39.0029745,-79.3059794,5.4648384
38.8529887,-79.1734496,5.4463719
38.7003932,-79.0443333,5.4294844
38.5449655,-78.9184618,5.4137949
38.3867912,-78.7959316,5.3992071
38.2260974,-78.6769310,5.3867364
38.0628194,-78.5614152,5.3759380
37.8970609,-78.4494599,5.3665520
37.7289415,-78.3411375,5.3596695
37.5585072,-78.2364596,5.3548520
37.3858880,-78.1354826,5.3516877
37.2111344,-78.0382016,5.3512804
37.0343676,-77.9446391,5.3532987
36.8557141,-77.8548882,5.3571643
36.6751516,-77.7689595,5.3638950
36.4929143,-77.6868750,5.3732178
36.3088698,-77.6084940,5.3842706
36.1233189,-77.5338948,5.3977013
35.9363945,-77.4631046,5.4128505
35.7478757,-77.3960259,5.4288441
35.5581493,-77.3327840,5.4456662
35.3672597,-77.2733737,5.4628156
35.1750427,-77.2177300,5.4802549
34.9818909,-77.1659450,5.4983141
34.7877510,-77.1179680,5.5173504
34.5926204,-77.0737583,5.5371404
34.3967752,-77.0333258,5.5586020
34.2001587,-76.9965919,5.5815669
34.0029026,-76.9635068,5.6056610
33.8050794,-76.9339985,5.6321084
33.6067578,-76.9079847,5.6599577
33.4080960,-76.8853857,5.6889841
33.2089689,-76.8660863,5.7202834
33.0096106,-76.8500078,5.7525307
32.8101126,-76.8370258,5.7857826
32.6103914,-76.8269763,5.8204377
32.4106580,-76.8196922,5.8554744
32.2106298,-76.8150972,5.8909313
32.0108013,-76.8132623,5.9262800
31.8107330,-76.8141741,5.9612473
31.6107188,-76.8178138,5.9955690
31.4109060,-76.8241665,6.0284167
31.2110342,-76.8332427,6.0603333
31.0113892,-76.8450419,6.0905873
30.8119312,-76.8595826,6.1190883
30.6126268,-76.8768905,6.1465022
30.4136513,-76.8969759,6.1717961
30.2149365,-76.9198712,6.1956912
30.0166190,-76.9455867,6.2185455
29.8186139,-76.9741595,6.2392157
29.6210764,-77.0055916,6.2589420
29.4241134,-77.0398846,6.2775623
29.2274818,-77.0771020,6.2944996
29.0315685,-77.1171866,6.3106642
28.8362976,-77.1601629,6.3257345
28.6415056,-77.2060804,6.3395791
28.4476358,-77.2548358,6.3527598
28.2544382,-77.3065064,6.3649429
28.0619545,-77.3611355,6.3762150
27.8705422,-77.4186429,6.3869254
27.6798921,-77.4791012,6.3967907
27.4901341,-77.5424068,6.4059624
27.3014649,-77.6084677,6.4146789
27.1136966,-77.6773502,6.4227338
26.9269511,-77.7490078,6.4302610
26.7413684,-77.8233824,6.4374396
26.5568455,-77.9005129,6.4441352
26.3734643,-77.9803651,6.4504356
26.1913322,-78.0628894,6.4564836
26.0104075,-78.1481026,6.4622012
25.8307414,-78.2359800,6.4676308
25.6524180,-78.3264785,6.4728877
25.4754344,-78.4195972,6.4779321
25.2998263,-78.5153160,6.4827786
25.1256590,-78.6135971,6.4875204
24.9529508,-78.7144275,6.4921445
24.7817320,-78.8177870,6.4966752
24.6120540,-78.9236415,6.5011850
24.4439449,-79.0319693,6.5056847
24.2774313,-79.1427489,6.5102821
24.1125567,-79.2559456,6.5150074
23.9493532,-79.3715303,6.5198852
23.7878374,-79.4894828,6.5252250
23.6280523,-79.6097608,6.5309373
23.4700303,-79.7323265,6.5370355
23.3137691,-79.8571661,6.5441326
23.1593157,-79.9842226,6.5519204
23.0066986,-80.1134489,6.5603961
22.8558968,-80.2448363,6.5702539
22.7069545,-80.3783165,6.5810592
22.5598978,-80.5138307,6.5927149
22.4146904,-80.6513749,6.6058139
22.2713653,-80.7908774,6.6199733
22.1299504,-80.9322661,6.6349885
21.9904010,-81.0755386,6.6512921
21.8527296,-81.2206339,6.6686783
21.7169704,-81.3674627,6.6868581
21.5830786,-81.5160183,6.7061232
21.4510359,-81.6662661,6.7264919
21.3208849,-81.8180949,6.7476047
21.1925921,-81.9714874,6.7696349
21.0661273,-82.1264400,6.7928362
20.9415430,-82.2828399,6.8167586
20.8187617,-82.4407093,6.8414534
20.6977980,-82.5999321,6.8673866
20.5786013,-82.7605025,6.8940079
20.4611303,-82.9224136,6.9213121
20.3454595,-83.0854950,6.9497850
20.2314942,-83.2498117,6.9789446
20.1191887,-83.4153656,7.0087277
20.0086257,-83.5819652,7.0394989
19.8997202,-83.7496665,7.0709641
19.7924067,-83.9185024,7.1029811
19.6867588,-84.0882845,7.1358256
19.5827148,-84.2590358,7.1693377
19.4801914,-84.4308194,7.2033307
19.3792483,-84.6034592,7.2380224
19.2798414,-84.7769494,7.2733330
19.1818801,-84.9513694,7.3090609
19.0854096,-85.1265574,7.3453889
18.9903921,-85.3024962,7.3822746
18.8967412,-85.4792615,7.4195227
18.8044880,-85.6567083,7.4572966
18.7135924,-85.8348238,7.4955624
18.6239808,-86.0136626,7.5341443
18.5356695,-86.1931017,7.5731963
18.4486126,-86.3731400,7.6126763
18.3627541,-86.5537997,7.6524349
18.2780928,-86.7349885,7.6926221
18.1945802,-86.9167131,7.7331805
18.1121777,-87.0989602,7.7739883
18.0308638,-87.2816792,7.8151948
17.9505935,-87.4648718,7.8567258
17.8713428,-87.6484924,7.8984842
17.7930676,-87.8325431,7.9406193
17.7157335,-88.0170034,7.9830405
17.6393270,-88.2018039,8.0256709
17.5637807,-88.3870055,8.0686536
17.4890765,-88.5725523,8.1118819
17.4152075,-88.7583595,8.1552950
17.3420867,-88.9445464,8.1990086
17.2697126,-89.1310205,8.2429042
17.1980853,-89.3176826,8.2869359
17.1270979,-89.5047003,8.3311604
17.0567535,-89.6919167,8.3754584
16.9870345,-89.8793053,8.4197968
16.9178884,-90.0669888,8.4641201
16.8493353,-90.2548788,8.5083619
16.7813717,-90.4429365,8.5525265
16.7139506,-90.6312379,8.5965183
16.6470748,-90.8197297,8.6403312
16.5807411,-91.0083778,8.6839994
16.5149165,-91.1972358,8.7274198
16.4495990,-91.3862726,8.7706013
16.3847876,-91.5754567,8.8136033
16.3204586,-91.7648239,8.8563286
16.2566065,-91.9543594,8.8987769
16.1932306,-92.1440353,8.9410303
16.1303138,-92.3338731,8.9830074
16.0678482,-92.5238681,9.0246842
16.0058321,-92.7139974,9.0661620
15.9442526,-92.9042724,9.1073775
15.8831013,-93.0946917,9.1482749
15.8223743,-93.2852398,9.1889733
15.7620616,-93.4759213,9.2294274
15.7021558,-93.6667327,9.2695471
15.6426505,-93.8576676,9.3094685
15.5835368,-94.0487275,9.3491643
15.5248102,-94.2399011,9.3885096
15.4664612,-94.4311932,9.4276578
15.4084815,-94.6226051,9.4665994
15.3508704,-94.8141133,9.5051768
15.2936148,-95.0057351,9.5435611
15.2367064,-95.1974731,9.5817528
15.1801481,-95.3892913,9.6195904
15.1239239,-95.5812173,9.6572400
15.0680247,-95.7732543,9.6947098
15.0124542,-95.9653606,9.7318732
14.9571952,-96.1575652,9.7688641
14.9022359,-96.3498747,9.8057053
14.8475788,-96.5422438,9.8423176
14.7932044,-96.7346987,9.8788052
14.7390964,-96.9272502,9.9151974
14.6852530,-97.1198506,9.9514711
14.6316512,-97.3125200,9.9877006
14.5782673,-97.5052741,10.0239070
14.5250932,-97.6980631,10.0601138
14.4721000,-97.8909020,10.0963596
14.4192565,-98.0838042,10.1326409
14.3665448,-98.2767240,10.1689931
14.3139302,-98.4696680,10.2054034
14.2613752,-98.6626451,10.2418422
14.2088527,-98.8556189,10.2782980
14.1563242,-99.0485881,10.2955823
14.1037508,-99.2415567,10.2767763
14.0511022,-99.4344975,10.1678741
13.9983411,-99.6274053,10.0595525
13.9454262,-99.8202775,9.9516296
13.8923202,-100.0130932,9.8442910
13.8389828,-100.2058446,9.7375407
13.7853752,-100.3985228,9.6311543
13.7314623,-100.5911140,9.5252541
13.6772093,-100.7836115,9.4197986
13.6225864,-100.9760023,9.3145887
13.5675651,-101.1682789,9.2096776
13.5121188,-101.3604373,9.1050045
13.4562271,-101.5524622,9.0004413
13.3998686,-101.7443501,8.8959940
13.3430232,-101.9361000,8.7916030
13.2856771,-102.1276950,8.6872205
13.2278131,-102.3191335,8.5828324
13.1694136,-102.5104160,8.4783976
13.1104664,-102.7015243,8.3739304
13.0509535,-102.8924562,8.2694203
12.9908542,-103.0832111,8.1648752
12.9301508,-103.2737689,8.0603376
12.8688172,-103.4641237,7.9558205
12.8068221,-103.6542696,7.8514491
12.7441327,-103.8441832,7.7472414
12.6807051,-104.0338516,7.6432471
12.6164882,-104.2232558,7.5398328
12.5514227,-104.4123675,7.4368886
12.4854363,-104.6011645,7.3344988
12.4184535,-104.7896023,7.2333565
12.3503829,-104.9776490,7.1330219
12.2811230,-105.1652796,7.0335680
12.2105886,-105.3524101,6.9358732
12.1386689,-105.5390014,6.8391501
12.0652723,-105.7250768,6.7434296
11.9904294,-105.9104185,6.6497049
11.9139062,-106.0951843,6.5570397
11.8355350,-106.2793128,6.4654424
11.7553039,-106.4624239,6.3758387
11.6729760,-106.6447257,6.2871847
11.5884867,-106.8260424,6.1995125
11.5017502,-107.0062508,6.1135807
11.4126341,-107.1853307,6.0284222
11.3210865,-107.3631059,5.9440888
11.2269366,-107.5396379,5.8609652
11.1301763,-107.7146898,5.7782730
11.0307598,-107.8881190,5.6960347
10.9284550,-108.0601095,5.6141264
10.8233735,-108.2302720,5.5321464
10.7154723,-108.3985056,5.4500684
10.6044921,-108.5650373,5.3673952
10.4906197,-108.7294165,5.2844559
10.3737796,-108.8915884,5.2012660
10.2537650,-109.0516445,5.1184186
10.1306982,-109.2092017,5.0363851
10.0043752,-109.3642224,4.9552207
9.8747483,-109.5164190,4.8763985
9.7416723,-109.6656645,4.7995286
9.6050284,-109.8118323,4.7243787
9.4649404,-109.9545326,4.6522761
9.3212123,-110.0936556,4.5824405
9.1738485,-110.2288906,4.5144048
9.0227941,-110.3599985,4.4492200
8.8679883,-110.4867469,4.3861650
8.7095799,-110.6087476,4.3246684
8.5474238,-110.7258522,4.2653579
8.3815253,-110.8377922,4.2076860
8.2122248,-110.9441004,4.1510536
8.0394028,-111.0446232,4.0956010
7.8629266,-111.1391843,4.0408577
7.6834200,-111.2272386,3.9862361
7.5010210,-111.3085048,3.9315668
7.3150564,-111.3829779,3.9142170
7.1266013,-111.4500305,3.8984579
6.9359078,-111.5095294,3.8835649
6.7428070,-111.5614981,3.8707694
6.5477245,-111.6057169,3.8624410
6.3513241,-111.6418805,3.8592318
6.1533816,-111.6700545,3.8620959
5.9545057,-111.6903643,3.8749505
5.7551128,-111.7029202,3.8968314
5.5551885,-111.7078909,3.9254360
5.3548929,-111.7054660,3.9601482
5.1554798,-111.6959283,4.0021820
4.9562580,-111.6795285,4.0474297
4.7573560,-111.6565079,4.0953678
4.5595628,-111.6272069,4.1461136
4.3628809,-111.5918875,4.1985051
4.1670005,-111.5507336,4.2525030
3.9724228,-111.5041078,4.3089804
3.7793905,-111.4523844,4.3698886
3.5874494,-111.3957845,4.4340397
3.3968974,-111.3347700,4.5025539
3.2078257,-111.2698048,4.5776290
3.0198602,-111.2012347,4.6566528
2.8330954,-111.1296123,4.7408224
2.6473329,-111.0554286,4.8315855
2.4624455,-110.9791863,4.9257369
2.2782114,-110.9013987,5.0241207
2.0944040,-110.8226735,5.1256271
1.9106833,-110.7436287,5.2255685
1.7268142,-110.6649165,5.3212788
1.5425618,-110.5871399,5.4054971
1.3576575,-110.5108628,5.4815624
1.1719493,-110.4366335,5.5454127
0.9851993,-110.3648671,5.5436781
0.7974281,-110.2959836,5.5076701
0.6085504,-110.2303113,5.4283657
0.4183018,-110.1680975,5.3552878
0.2270415,-110.1097435,5.2856349
0.0346505,-110.0554313,5.2202072
-0.1592206,-110.0052318,5.1579505
-0.3538430,-109.9594515,5.0971938
-0.5492593,-109.9181498,5.0379273
-0.7461627,-109.8812574,4.9800742
-0.9434895,-109.8490302,4.9229097
-1.1412494,-109.8214884,4.8664130
-1.3400499,-109.7986331,4.8108539
-1.5390314,-109.7807579,4.7560073
-1.7384408,-109.7680503,4.7017950
-1.9383996,-109.7606548,4.6483124
-2.1381471,-109.7586622,4.6256742
-2.3381342,-109.7622261,4.6066678
-2.5381409,-109.7714976,4.5879349
-2.7374049,-109.7864984,4.5699241
-2.9362971,-109.8073161,4.5527173
-3.1346440,-109.8340058,4.5363428
-3.3319508,-109.8665495,4.5215558
-3.5282186,-109.9049836,4.5087677
-3.7233048,-109.9493182,4.4976847
-3.9169011,-109.9995100,4.4891716
-4.1089459,-110.0555587,4.4842554
-4.2991648,-110.1173863,4.4820030
-4.4873426,-110.1849040,4.4830704
-4.6736043,-110.2581306,4.4893346
-4.8574728,-110.3368217,4.4988971
-5.0387667,-110.4208040,4.5118342
-5.2179008,-110.5101676,4.5305879
-5.3942640,-110.6044614,4.5526192
-5.5677412,-110.7035517,4.5777350
-5.7385333,-110.8075105,4.6067712
-5.9063020,-110.9159065,4.6383569
-6.0714164,-111.0287404,4.6713127
-6.2337903,-111.1458043,4.7053653
-6.3927886,-111.2665452,4.7402473
-6.5490701,-111.3913827,4.7759579
-6.7025564,-111.5201996,4.8125723
-6.8523512,-111.6521156,4.8515990
-6.9993687,-111.7877813,4.8921315
-7.1434735,-111.9269389,4.9341997
-7.2840555,-112.0687908,4.9793153
-7.4218614,-112.2138579,5.0258486
-7.5567265,-112.3617491,5.0740115
-7.6885169,-112.5120558,5.1246411
-7.8176066,-112.6649345,5.1763901
-7.9439171,-112.8200251,5.2296445
-8.0676179,-112.9772556,5.2846712
-8.1887651,-113.1364158,5.3406156
-8.3074759,-113.2973782,5.3979682
-8.4239486,-113.4601330,5.4566599
-8.5380954,-113.6241924,5.5161770
-8.6503207,-113.7897724,5.5770656
-8.7606073,-113.9565923,5.6389573
-8.8689834,-114.1245657,5.7015271
-8.9755900,-114.2938181,5.7651456
-9.0804323,-114.4641460,5.8293994
-9.1835644,-114.6354247,5.8940931
-9.2851484,-114.8077306,5.9593475
-9.3851994,-114.9809042,6.0247621
-9.4837752,-115.1548709,6.0902649
-9.5809883,-115.3296708,6.1556966
-9.6768555,-115.5051907,6.2209399
-9.7714255,-115.6813844,6.2860141
-9.8647746,-115.8582690,6.3506873
-9.9569235,-116.0357670,6.4150368
-10.0479149,-116.2138485,6.4791168
-10.1378020,-116.3925095,6.5426920
-10.2266120,-116.5716999,6.6059237
-10.3143862,-116.7513994,6.6688776
-10.4011640,-116.9315850,6.7313642
-10.4869815,-117.1122267,6.7935772
-10.5718832,-117.2933091,6.8555789
-10.6559041,-117.4747923,6.9172855
-10.7390931,-117.6566593,6.9788844
-10.8215041,-117.8388945,7.0404154
-10.9031787,-118.0214432,7.1019533
-10.9841848,-118.2042940,7.1636117
-11.0645933,-118.3874245,7.2253851
-11.1444645,-118.5707694,7.2874722
-11.2238908,-118.7543143,7.3498095
-11.3029652,-118.9380241,7.4123426
-11.3817748,-119.1218303,7.4751627
-11.4604336,-119.3057083,7.5378725
-11.5390529,-119.4896089,7.5997745
-11.6177418,-119.6734708,7.6547570
-11.6966156,-119.8572581,7.6123730
-11.7757873,-120.0409158,7.5030471
-11.8553805,-120.2243925,7.3952654
-11.9355267,-120.4076292,7.2885443
-12.0163506,-120.5905595,7.1827155
-12.0979808,-120.7731412,7.0784567
-12.1805266,-120.9553074,6.9750418
-12.2640913,-121.1369998,6.8723321
-12.3487762,-121.3181802,6.7707075
-12.4346534,-121.4987838,6.6696125
-12.5218236,-121.6787897,6.5689681
-12.6103580,-121.8581010,6.4690460
-12.7003564,-122.0366920,6.3695359
-12.7919120,-122.2145252,6.2703936
-12.8850699,-122.3914670,6.1720375
-12.9799497,-122.5675110,6.0742843
-13.0766603,-122.7426085,5.9770848
-13.1752428,-122.9165703,5.8812935
-13.2758593,-123.0893981,5.7865294
-13.3786451,-123.2610189,5.6927104
-13.4836296,-123.4311682,5.6011115
-13.5910240,-123.5998667,5.5107023
-13.7009733,-123.7670132,5.4214535
-13.8134570,-123.9322619,5.3343285
-13.9287300,-124.0956838,5.2480248
-14.0469031,-124.2571308,5.1626340
-14.1678959,-124.4162150,5.0782876
-14.2919967,-124.5730656,4.9942354
-14.4192451,-124.7274518,4.9105129
-14.5495272,-124.8789777,4.8272242
-14.6830682,-125.0279253,4.7446124
-14.8196960,-125.1740281,4.6632849
-14.9596277,-125.3171075,4.5840221
-15.1030638,-125.4567017,4.5060391
-15.2502349,-125.5923465,4.4305549
-15.4015255,-125.7239274,4.3573591
-15.5559656,-125.8502378,4.2858428
-15.7151104,-125.9721736,4.2174521
-15.8781878,-126.0888086,4.1513871
-16.0441322,-126.1992442,4.0872847
-16.2141276,-126.3040346,4.0256657
-16.3881335,-126.4026099,3.9664683
-16.5651977,-126.4939867,3.9090199
-16.7463406,-126.5787175,3.8530423
-16.9306966,-126.6564419,3.7981239
-17.1177817,-126.7265346,3.7770588
-17.3079079,-126.7888493,3.7615246
-17.5006204,-126.8431196,3.7463093
-17.6952344,-126.8891242,3.7320233
-17.8918024,-126.9268676,3.7201863
-18.0896827,-126.9562510,3.7118914
-18.2883563,-126.9771869,3.7082549
-18.4879334,-126.9896314,3.7167775
-18.6875642,-126.9936895,3.7347105
-18.8875182,-126.9896031,3.7615865
-19.0872676,-126.9775918,3.7983492
-19.2858593,-126.9579972,3.8436896
-19.4840313,-126.9310257,3.8932545
-19.6816427,-126.8969157,3.9463850
-19.8769369,-126.8562601,4.0032074
-20.0712714,-126.8090525,4.0608234
-20.2644451,-126.7555452,4.1192422
-20.4551633,-126.6963799,4.1800461
-20.6444162,-126.6315835,4.2429451
-20.8320708,-126.5615193,4.3076334
-21.0173964,-126.4868402,4.3764534
-21.2011493,-126.4076452,4.4473479
-21.3831004,-126.3244254,4.5204009
-21.5632845,-126.2375752,4.5971916
-21.7418929,-126.1474114,4.6756388
-21.9188720,-126.0543650,4.7562796
-22.0946769,-125.9585994,4.8397616
-22.2690007,-125.8607559,4.9246888
-22.4422858,-125.7610200,5.0116858
-22.6147189,-125.6595875,5.1005956
-22.7861695,-125.5567922,5.1904972
-22.9569429,-125.4527199,5.2816831
-23.1271567,-125.3476172,5.3736369
-23.2967839,-125.2418034,5.4658714
-23.4661098,-125.1353828,5.5582144
-23.6352265,-125.0285574,5.6500168
-23.8041304,-124.9215553,5.7412654
-23.9730161,-124.8144409,5.8314255
-24.1419341,-124.7073244,5.9192064
-24.3108611,-124.6003291,6.0054618
-24.4799042,-124.4934678,6.0896254
-24.6490781,-124.3867787,6.1720578
-24.8183330,-124.2802780,6.2536627
-24.9876704,-124.1738812,6.3344347
-25.1570063,-124.0674778,6.4127664
-25.3262200,-123.9608958,6.4884440
-25.4951855,-123.8538936,6.5599022
-25.6636937,-123.7462237,6.6228722
-25.8315793,-123.6376182,6.6795567
-25.9987582,-123.5277901,6.7278947
-26.1648517,-123.4166871,6.7639979
-26.3300199,-123.3038528,6.7937850
-26.4939996,-123.1891762,6.8161535
-26.6564475,-123.0727337,6.8104349
-26.8176347,-122.9542408,6.7794424
-26.9773532,-122.8337660,6.7116504
-27.1354120,-122.7113518,6.6481581
-27.2919434,-122.5867702,6.5865605
-27.4467221,-122.4600784,6.5273169
-27.5996695,-122.3312460,6.4698772
-27.7507893,-122.2001805,6.4133016
-27.8999296,-122.0669283,6.3578478
-28.0470635,-121.9314340,6.3032117
-28.1920887,-121.7937150,6.2490686
-28.3349545,-121.6537422,6.1957066
-28.4755930,-121.5115030,6.1429868
-28.6138629,-121.3670695,6.0907245
-28.7497985,-121.2203253,6.0393183
-28.8832355,-121.0713345,6.0017715
-29.0140411,-120.9201401,5.9736957
-29.1422431,-120.7665989,5.9497177
-29.2676438,-120.6108218,5.9259164
-29.3901941,-120.4528149,5.9022722
-29.5099092,-120.2925481,5.8790510
-29.6266767,-120.1301361,5.8561179
-29.7403625,-119.9657117,5.8334544
-29.8510906,-119.7990115,5.8114839
-29.9586061,-119.6303398,5.7899545
-30.0627918,-119.4598238,5.7688685
-30.1638699,-119.2870178,5.7488833
-30.2614923,-119.1124367,5.7295786
-30.3555674,-118.9362043,5.7109733
-30.4463632,-118.7577439,5.6939246
-30.5335188,-118.5776935,5.6778669
-30.6169627,-118.3961873,5.6628039
-30.6969220,-118.2126878,5.6495686
-30.7731551,-118.0277081,5.6377344
-30.8455803,-117.8414749,5.6271822
-30.9143308,-117.6536718,5.6185300
-30.9793681,-117.4644174,5.6119308
-31.0405825,-117.2741330,5.6069594
-31.0979936,-117.0827350,5.6037533
-31.1515789,-116.8900786,5.6035372
-31.2012620,-116.6965494,5.6052701
-31.2472094,-116.5018456,5.6089420
-31.2893997,-116.3063822,5.6152307
-31.3278248,-116.1103146,5.6238078
-31.3625599,-115.9132995,5.6338316
-31.3935746,-115.7155112,5.6452881
-31.4207766,-115.5176710,5.6578503
-31.4442858,-115.3190306,5.6707561
-31.4640876,-115.1196831,5.6839450
-31.4801086,-114.9206416,5.6976597
-31.4924546,-114.7210019,5.7119630
-31.5011312,-114.5209340,5.7268514
-31.5061506,-114.3212031,5.7434283
-31.5075836,-114.1211696,5.7611410
-31.5054753,-113.9210241,5.7799301
-31.4998967,-113.7212056,5.8012203
-31.4909107,-113.5213553,5.8237512
-31.4785978,-113.3217084,5.8476436
-31.4630367,-113.1222806,5.8739423
-31.4443202,-112.9231243,5.9013878
-31.4225657,-112.7243716,5.9302122
-31.3978545,-112.5258290,5.9610716
-31.3702516,-112.3277855,5.9929571
-31.3397787,-112.1301716,6.0261295
-31.3064820,-111.9329151,6.0610180
-31.2704594,-111.7362219,6.0968299
-31.2317686,-111.5400369,6.1338242
-31.1904679,-111.3443171,6.1723167
-31.1466568,-111.1492051,6.2116403
-31.1003967,-110.9546560,6.2520297
-31.0517525,-110.7606443,6.2937173
-31.0008195,-110.5672630,6.3361195
-30.9476618,-110.3744769,6.3794221
-30.8923470,-110.1822721,6.4237543
-30.8349611,-109.9907007,6.4686121
-30.7755660,-109.7997374,6.5141001
-30.7142272,-109.6093799,6.5601781
-30.6510129,-109.4196470,6.6064797
-30.5859761,-109.2305238,6.6530031
-30.5191745,-109.0420235,6.6995729
-30.4506537,-108.8541388,6.7461001
-30.3804608,-108.6668607,6.7925433
-30.3086644,-108.4802280,6.8387701
-30.2352797,-108.2941809,6.8848495
-30.1603437,-108.1087357,6.9307371
-30.0839098,-107.9239496,6.9763332
-30.0059825,-107.7397510,7.0217590
-29.9266068,-107.5561661,7.0669710
-29.8458317,-107.3732315,7.1118723
-29.7636622,-107.1908870,7.1565939
-29.6801386,-107.0091552,7.2010873
-29.5953032,-106.8280629,7.2452560
-29.5091618,-106.6475619,7.2892365
-29.4217509,-106.4676714,7.3329731
-29.3331055,-106.2884086,7.3763738
-29.2432332,-106.1097371,7.4195785
-29.1521666,-105.9316727,7.4625229
-29.0599342,-105.7542245,7.5051246
-28.9665458,-105.5773669,7.5475239
-28.8720297,-105.4011118,7.5896475
-28.7764094,-105.2254626,7.6314259
-28.6796962,-105.0504024,7.6729976
-28.5819148,-104.8759397,7.7142790
-28.4830842,-104.7020738,7.7552169
-28.3832175,-104.5287949,7.7959447
-28.2823353,-104.3561077,7.8363690
-28.1804539,-104.1840100,7.8764542
-28.0775869,-104.0124966,7.9163270
-27.9737518,-103.8415693,7.9558841
-27.8689627,-103.6712256,7.9951083
-27.7632333,-103.5014630,8.0341187
-27.6565780,-103.3322812,8.0728019
-27.5490101,-103.1636784,8.1111598
-27.4405421,-102.9956531,8.1493028
-27.3311867,-102.8282041,8.1871081
-27.2209560,-102.6613306,8.2245963
-27.1098610,-102.4950304,8.2618692
-26.9979136,-102.3293035,8.2987941
-26.8851251,-102.1641494,8.3354110
-26.7715036,-101.9995640,8.3718123
-26.6570621,-101.8355504,8.4078558
-26.5418101,-101.6721076,8.4436008
-26.4257526,-101.5092285,8.4791302
-26.3089050,-101.3469227,8.5142917
-26.1912690,-101.1851869,8.5491638
-26.0728404,-101.0240195,8.5838202
-25.9536345,-100.8634389,8.6180981
-25.8336650,-100.7034313,8.6520963
-25.7129345,-100.5439783,8.6858781
-25.5914716,-100.3851058,8.7192656
-25.4692711,-100.2267964,8.7523818
-25.3463269,-100.0690326,8.7852799
-25.2226820,-99.9118605,8.8177687
-25.0983161,-99.7552448,8.8499984
-24.9732233,-99.5991701,8.8820104
-24.8474592,-99.4436970,8.9135981
-24.7209882,-99.2887730,8.9449424
-24.5938077,-99.1343876,8.9760702
-24.4659832,-98.9806121,9.0067582
-24.3374647,-98.8273782,9.0372216
-24.2082570,-98.6746850,9.0674612
-24.0784259,-98.5226024,9.0972632
-23.9479151,-98.3710570,9.1268529
-23.8167393,-98.2200591,9.1562000
-23.6849523,-98.0696633,9.1851344
-23.5525032,-97.9198043,9.2138595
-23.4194135,-97.7705001,9.2423214
-23.2857227,-97.6217878,9.2703984
-23.1513876,-97.4736125,9.2982692
-23.0164362,-97.3259990,9.3258546
-22.8808929,-97.1789668,9.3530850
-22.7447227,-97.0324719,9.3801124
-22.6079601,-96.8865450,9.4068307
-22.4706141,-96.7411893,9.4332257
-22.3326580,-96.5963706,9.4594210
-22.1941330,-96.4521258,9.4852816
-22.0550328,-96.3084425,9.5108523
-21.9153381,-96.1652951,9.5362263
-21.7750981,-96.0227282,9.5612387
-21.6342902,-95.8807129,9.5859957
-21.4929016,-95.7392314,9.6105590
-21.3509930,-95.5983387,9.6347319
-21.2085217,-95.4579871,9.6586854
-21.0654829,-95.3181672,9.6824416
-20.9219494,-95.1789449,9.7057898
-20.7778560,-95.0402524,9.7289496
-20.6332174,-94.9020988,9.7518791
-20.4880929,-94.7645350,9.7744410
-20.3424161,-94.6274958,9.7968180
-20.1962306,-94.4909961,9.8189300
-20.0495925,-94.3550329,9.8407173
-19.9024367,-94.2195523,9.8623241
-19.7548057,-94.0846322,9.8836320
-19.6066479,-93.9502701,9.9046671
-19.4579702,-93.8164953,9.9255286
-19.3087571,-93.6833052,9.9460632
-19.1589996,-93.5507068,9.9663745
-19.0087592,-93.4187685,9.9865169
-18.8578904,-93.2873765,10.0063067
-18.7065099,-93.1566467,10.0259157
-18.5546594,-93.0266271,10.0453422
-18.4020979,-92.8971244,10.0644264
-18.2490743,-92.7683620,10.0833461
-18.0955512,-92.6403173,10.1020582
-17.9412999,-92.5128100,10.1204557
-17.7866181,-92.3860943,10.1386831
-17.6314002,-92.2600888,10.1566808
-17.4754619,-92.1346502,10.1743695
-17.3191158,-92.0100338,10.1918741
-17.1622146,-91.8861230,10.2091268
-17.0046017,-91.7627980,10.2260524
-16.8466010,-91.6403231,10.2427776
-16.6880174,-91.5185918,10.2592430
-16.5287654,-91.3976108,10.2753568
-16.3689845,-91.2774322,10.2912581
-16.2086097,-91.1579357,10.3069075
-16.0477319,-91.0391668,10.3222393
-15.8863236,-90.9210972,10.3374283
-15.7243651,-90.8037080,10.3524700
-15.5619651,-90.6870727,10.3674106
-15.3990224,-90.5711119,10.3823887
-15.2355374,-90.4558181,10.3974175
-15.0716600,-90.3412858,10.4127749
-14.9072523,-90.2274042,10.4284162
-14.7423279,-90.1141670,10.4443458
-14.5770468,-90.0016640,10.4610046
-14.4112704,-89.8897791,10.4780852
-14.2450265,-89.7785079,10.4955862
-14.0784443,-89.6679116,10.5139615
-13.9114188,-89.5578944,10.5327929
-13.7439859,-89.4484530,10.5520706
-13.5762309,-89.3396149,10.5722187
-13.4080842,-89.2313081,10.5928004
-13.2396070,-89.1235195,10.6138053
-13.0708146,-89.0161962,10.6356291
-12.9017367,-88.9093486,10.6578573
-12.7324118,-88.8030008,10.6804852
-12.5627298,-88.6970742,10.7038708
-12.3928029,-88.5916138,10.7276252
-12.2226393,-88.4865967,10.7517449
-12.0521701,-88.3819528,10.7765500
-11.8814911,-88.2777128,10.8016940
-11.7106117,-88.1738535,10.8271700
-11.5394774,-88.0703126,10.8532528
-11.3681687,-87.9671092,10.8796430
-11.1966973,-87.8642198,10.9063271
-11.0250223,-87.7615893,10.9335288
-10.8532095,-87.6592260,10.9609995
-10.6812728,-87.5571063,10.9887179
-10.5091840,-87.4551815,11.0168477
-10.3369956,-87.3534505,11.0451907
-10.1647230,-87.2518899,11.0737189
-9.9923490,-87.1504573,11.1025206
-9.8199140,-87.0491448,11.1314462
-9.6474329,-86.9479304,11.1604676
-9.4748976,-86.8467804,11.1895833
-9.3023361,-86.7456846,11.2186967
-9.1297592,-86.6446260,11.2477931
-8.9571644,-86.5435838,11.2767924
-8.7845666,-86.4425523,11.3056518
-8.6119680,-86.3415240,11.3343885
-8.4393685,-86.2404940,11.3628850
-8.2667723,-86.1394631,11.3911864
-8.0941746,-86.0384273,11.4193409
-7.9215808,-85.9373893,11.4472669
-7.7489925,-85.8363498,11.4749927
-7.5763983,-85.7353028,11.5025739
-7.4038101,-85.6342549,11.5299372
-7.2312314,-85.5332053,11.5570179
-7.0586472,-85.4321369,11.5838704
-6.8860807,-85.3310493,11.6103411
-6.7135465,-85.2299317,11.6363111
-6.5410272,-85.1287494,11.6619009
-6.3685566,-85.0274935,11.6868972
-6.1961613,-84.9261474,11.7111175
-6.0238190,-84.8246653,11.7347848
-5.8515636,-84.7230389,11.7576359
-5.6794368,-84.6212694,11.7794268
-5.5073844,-84.5192764,11.8005021
-5.3354772,-84.4170477,11.8205575
-5.1637633,-84.3145685,11.8393047
-4.9921913,-84.2117666,11.8572038
-4.8208237,-84.1086388,11.8739106
-4.6497002,-84.0051689,11.8891129
-4.4787792,-83.9012918,11.9033645
-4.3081184,-83.7970030,11.9162776
-4.1377502,-83.6922837,11.9275572
-3.9676462,-83.5870785,11.9378192
-3.7978573,-83.4813817,11.9466341
-3.6284071,-83.3751719,11.9537661
-3.4592819,-83.2684056,11.9598542
-3.2905241,-83.1610752,11.9644361
-3.1221490,-83.0531580,11.9673660
-2.9541577,-82.9446230,11.9692666
-2.7865816,-82.8354600,11.9696565
-2.6194305,-82.7256465,11.9684924
-2.4527188,-82.6151642,11.9663476
-2.2864650,-82.5039988,11.9627395
-2.1206768,-82.3921302,11.9577195
-1.9553796,-82.2795515,11.9517916
-1.7905780,-82.1662432,11.9444894
-1.6262813,-82.0521897,11.9359378
-1.4625225,-81.9373938,11.9265650
-1.2992930,-81.8218296,11.9159359
-1.1366061,-81.7054882,11.9042216
-0.9744994,-81.5883789,11.8917785
-0.8129529,-81.4704708,11.8782137
-0.6519852,-81.3517612,11.8637180
-0.4916351,-81.2322641,11.8485856
-0.3318752,-81.1119445,11.8324726
-0.1727284,-80.9908059,11.8155673
-0.0142321,-80.8688637,11.7981132
0.1436436,-80.7460823,11.7798179
0.3008731,-80.6224690,11.7608513
0.4574236,-80.4980381,11.7414175
0.6133212,-80.3727571,11.7212738
0.7685406,-80.2466346,11.7005629
0.9230561,-80.1196809,11.6794583
1.0768820,-79.9918694,11.6577623
1.2299822,-79.8632065,11.6355876
1.3823555,-79.7336762,11.6130844
1.5339921,-79.6032797,11.5900949
1.6848842,-79.4720262,11.5667013
1.8350349,-79.3399063,11.5430332
1.9844172,-79.2069318,11.5189587
2.1330261,-79.0730971,11.4945428
2.2808605,-78.9383931,11.4698991
2.4278983,-78.8028299,11.4449225
2.5741336,-78.6664033,11.4196691
2.7195621,-78.5291078,11.3942351
2.8641662,-78.3909509,11.3685431
3.0079394,-78.2519299,11.3426464
3.1508745,-78.1120430,11.3166215
3.2929582,-77.9712948,11.2904226
3.4341835,-77.8296840,11.2641032
3.5745403,-77.6872128,11.2377161
3.7140194,-77.5438828,11.2112517
3.8526137,-77.3996939,11.1847651
3.9903102,-77.2546524,11.1582807
4.1271038,-77.1087569,11.1318307
4.2629872,-76.9620084,11.1054707
4.3979449,-76.8144176,11.0791906
4.5319758,-76.6659800,11.0530637
4.6650726,-76.5166977,11.0271417
4.7972177,-76.3665855,11.0013791
4.9284133,-76.2156362,10.9758904
5.0586525,-76.0638530,10.9507273
5.1879164,-75.9112544,10.9258018
5.3162098,-75.7578313,10.9012588
5.4435268,-75.6035876,10.8771399
5.5698474,-75.4485450,10.8533190
5.6951784,-75.2926933,10.8299573
5.8195151,-75.1360367,10.8070928
5.9428376,-74.9785993,10.7845673
6.0651534,-74.8203711,10.7625447
6.1864593,-74.6613562,10.7410651
6.3067363,-74.5015799,10.7199458
6.4259917,-74.3410336,10.6993426
6.5442239,-74.1797212,10.6793073
6.6614157,-74.0176676,10.6596399
6.7775736,-73.8548669,10.6404836
6.8926972,-73.6913224,10.6219121
7.0067661,-73.5270589,10.6037121
7.1197809,-73.3620612,10.5860135
7.2317185,-73.1963453,10.5689257
7.3425976,-73.0299040,10.5522211
7.4524230,-72.8627541,10.5360217
7.5611729,-72.6949326,10.5204743
7.6688696,-72.5264057,10.5053269
7.7754993,-72.3571949,10.4906953
7.8810386,-72.1873384,10.4767592
7.9855145,-72.0167929,10.4632394
8.0889110,-71.8455855,10.4502480
8.1912066,-71.6737536,10.4379844
8.2924273,-71.5012555,10.4261458
8.3925580,-71.3281194,10.4148414
8.4915829,-71.1543760,10.4042756
8.5895220,-70.9799944,10.3941336
8.6863627,-70.8050011,10.3845225
8.7820978,-70.6294150,10.3756480
8.8767377,-70.4532230,10.3671986
8.9702742,-70.2764472,10.3592849
9.0627093,-70.0990921,10.3521414
9.1540430,-69.9211667,10.3454650
9.2442729,-69.7426867,10.3393883
9.3334106,-69.5636421,10.3342528
9.4214472,-69.3840660,10.3297353
9.5083884,-69.2039672,10.3260300
9.5942562,-69.0233230,10.3237200
9.6790380,-68.8421911,10.3223743
9.7627504,-68.6605749,10.3223029
9.8454303,-68.4784426,10.3244993
9.9270694,-68.2958755,10.3282537
10.0077023,-68.1128769,10.3340233
10.0873886,-67.9294099,10.3433055
10.1661378,-67.7455793,10.3548517
10.2440122,-67.5613956,10.3691887
10.3211069,-67.3768208,10.3880384
10.3974623,-67.1919828,10.4094197
10.4731755,-67.0069059,10.4336942
10.5483812,-66.8215500,10.4619748
10.6231464,-66.6360615,10.4919808
10.6975866,-66.4504753,10.5237649
10.7718517,-66.2647344,10.5573178
10.8459964,-66.0790029,10.5748391
10.9201318,-65.8932963,10.6239911
